90001,Huntington Park,1.1025
90002,Lynwood,1.1025
90003,Los Angeles Tourism Marketing District,1.095
90004,Los Angeles Tourism Marketing District,1.095
90005,Los Angeles Tourism Marketing District,1.095
90006,Los Angeles Tourism Marketing District,1.095
90007,Los Angeles Tourism Marketing District,1.095
90008,Los Angeles Tourism Marketing District,1.095
90009,Inglewood,1.1
90010,Los Angeles Tourism Marketing District,1.095
90011,Los Angeles Tourism Marketing District,1.095
90012,Los Angeles Tourism Marketing District,1.095
90013,Los Angeles Tourism Marketing District,1.095
90014,Los Angeles Tourism Marketing District,1.095
90015,Los Angeles Tourism Marketing District,1.095
90016,Culver City,1.1025
90017,Los Angeles Tourism Marketing District,1.095
90018,Los Angeles Tourism Marketing District,1.095
90019,Los Angeles Tourism Marketing District,1.095
90020,Los Angeles Tourism Marketing District,1.095
90021,Los Angeles Tourism Marketing District,1.095
90022,Montebello,1.1025
90023,Vernon,1.1025
90024,Los Angeles Tourism Marketing District,1.095
90025,Santa Monica Tourism Marketing District,1.1025
90026,Los Angeles Tourism Marketing District,1.095
90027,Los Angeles Tourism Marketing District,1.095
90028,West Hollywood Tourism Improvement District,1.1025
90029,Los Angeles Tourism Marketing District,1.095
90030,Los Angeles Tourism Marketing District,1.095
90031,Los Angeles Tourism Marketing District,1.095
90032,Alhambra,1.1025
90033,Los Angeles Tourism Marketing District,1.095
90034,Culver City,1.1025
90035,Los Angeles Tourism Marketing District,1.095
90036,Los Angeles Tourism Marketing District,1.095
90037,Los Angeles Tourism Marketing District,1.095
90038,West Hollywood Tourism Improvement District,1.1025
90039,Los Angeles Tourism Marketing District,1.095
90040,Bell Gardens,1.1025
90041,Pasadena Tourism Business Improvement District,1.1025
90042,Pasadena Tourism Business Improvement District,1.1025
90043,Inglewood,1.1
90044,Gardena,1.1025
90045,Hawthorne,1.1025
90046,West Hollywood Tourism Improvement District,1.1025
90047,Gardena,1.1025
90048,West Hollywood Tourism Improvement District,1.1025
90049,Santa Monica Tourism Marketing District,1.1025
90050,Los Angeles Tourism Marketing District,1.095
90051,Los Angeles Tourism Marketing District,1.095
90052,Los Angeles Tourism Marketing District,1.095
90053,Los Angeles Tourism Marketing District,1.095
90054,Los Angeles Tourism Marketing District,1.095
90055,Los Angeles Tourism Marketing District,1.095
90056,Inglewood,1.1
90057,Los Angeles Tourism Marketing District,1.095
90058,Vernon,1.1025
90059,Lynwood,1.1025
90060,Los Angeles Tourism Marketing District,1.095
90061,Los Angeles Tourism Marketing District,1.095
90062,Los Angeles Tourism Marketing District,1.095
90063,Monterey Park,1.1025
90064,Santa Monica Tourism Marketing District,1.1025
90065,Glendale,1.1025
90066,Santa Monica Tourism Marketing District,1.1025
90067,Los Angeles Tourism Marketing District,1.095
90068,Burbank Tourism Business Improvement District,1.1025
90069,West Hollywood Tourism Improvement District,1.1025
90070,Los Angeles Tourism Marketing District,1.095
90071,Los Angeles Tourism Marketing District,1.095
90072,Los Angeles Tourism Marketing District,1.095
90073,Los Angeles,1.095
90074,Los Angeles Tourism Marketing District,1.095
90075,Los Angeles Tourism Marketing District,1.095
90076,Los Angeles Tourism Marketing District,1.095
90077,Los Angeles Tourism Marketing District,1.095
90078,Los Angeles Tourism Marketing District,1.095
90079,Los Angeles Tourism Marketing District,1.095
90080,Los Angeles Tourism Marketing District,1.095
90081,Los Angeles Tourism Marketing District,1.095
90082,Los Angeles Tourism Marketing District,1.095
90083,Los Angeles Tourism Marketing District,1.095
90084,Los Angeles Tourism Marketing District,1.095
90086,Los Angeles Tourism Marketing District,1.095
90087,Los Angeles Tourism Marketing District,1.095
90088,Los Angeles Tourism Marketing District,1.095
90089,Los Angeles Tourism Marketing District,1.095
90091,Commerce,1.1025
90093,Los Angeles Tourism Marketing District,1.095
90094,Los Angeles Tourism Marketing District,1.095
90095,Los Angeles Tourism Marketing District,1.095
90096,Los Angeles Tourism Marketing District,1.095
90099,Los Angeles Tourism Marketing District,1.095
90134,Los Angeles Tourism Marketing District,1.095
90189,Los Angeles Tourism Marketing District,1.095
90201,Bell Gardens,1.1025
90202,Bell Gardens,1.1025
90209,Beverly Hills,1.095
90210,West Hollywood Tourism Improvement District,1.1025
90211,Los Angeles Tourism Marketing District,1.095
90212,Los Angeles Tourism Marketing District,1.095
90213,Beverly Hills,1.095
90220,Carson,1.1025
90221,Carson,1.1025
90222,Lynwood,1.1025
90223,Compton,1.1025
90224,Compton,1.1025
90230,Culver City,1.1025
90231,Culver City,1.1025
90232,Culver City,1.1025
90239,Downey,1.1
90240,Downey,1.1
90241,Norwalk,1.1025
90242,Bellflower,1.1025
90245,Hawthorne,1.1025
90247,Gardena,1.1025
90248,Carson,1.1025
90249,Gardena,1.1025
90250,Gardena,1.1025
90251,Hawthorne,1.1025
90254,Hermosa Beach,1.095
90255,Cudahy,1.1025
90260,Lawndale,1.1025
90261,Manhattan Beach,1.095
90262,Lynwood,1.1025
90263,Los Angeles,1.095
90264,Malibu,1.1
90265,Malibu,1.1
90266,El Segundo,1.095
90267,Manhattan Beach,1.095
90270,Vernon,1.1025
90272,Los Angeles Tourism Marketing District,1.095
90274,Lomita,1.1025
90275,Los Angeles Tourism Marketing District,1.095
90277,Torrance Tourism Business Improvement District,1.1
90278,Lawndale,1.1025
90280,Cudahy,1.1025
90290,Calabasas,1.095
90291,Santa Monica Tourism Marketing District,1.1025
90292,Culver City,1.1025
90293,Los Angeles Tourism Marketing District,1.095
90294,Los Angeles Tourism Marketing District,1.095
90295,Los Angeles Tourism Marketing District,1.095
90296,Los Angeles Tourism Marketing District,1.095
90301,Inglewood,1.1
90302,Inglewood,1.1
90303,Hawthorne,1.1025
90304,Hawthorne,1.1025
90305,Inglewood,1.1
90306,Inglewood,1.1
90307,Inglewood,1.1
90308,Inglewood,1.1
90309,Inglewood,1.1
90310,Inglewood,1.1
90311,Inglewood,1.1
90312,Inglewood,1.1
90401,Santa Monica Tourism Marketing District,1.1025
90402,Santa Monica Tourism Marketing District,1.1025
90403,Santa Monica Tourism Marketing District,1.1025
90404,Santa Monica Tourism Marketing District,1.1025
90405,Santa Monica Tourism Marketing District,1.1025
90406,Santa Monica Tourism Marketing District,1.1025
90407,Santa Monica Tourism Marketing District,1.1025
90408,Santa Monica Tourism Marketing District,1.1025
90409,Santa Monica Tourism Marketing District,1.1025
90410,Santa Monica Tourism Marketing District,1.1025
90411,Santa Monica Tourism Marketing District,1.1025
90501,Lomita,1.1025
90502,Carson,1.1025
90503,Carson,1.1025
90504,Gardena,1.1025
90505,Lomita,1.1025
90506,Los Angeles,1.095
90507,Torrance Tourism Business Improvement District,1.1
90508,Torrance Tourism Business Improvement District,1.1
90509,Torrance Tourism Business Improvement District,1.1
90510,Torrance Tourism Business Improvement District,1.1
90601,Whittier,1.1025
90602,Whittier,1.1025
90603,Whittier,1.1025
90604,Whittier,1.1025
90605,Santa Fe Springs,1.105
90606,Santa Fe Springs,1.105
90607,Whittier,1.1025
90608,Whittier,1.1025
90609,Whittier,1.1025
90610,Whittier,1.1025
90620,La Palma,1.0875
90621,La Mirada,1.095
90622,Buena Park,1.0775
90623,Cerritos,1.095
90624,Buena Park,1.0775
90630,Hawaiian Gardens,1.1025
90631,Whittier,1.1025
90632,La Habra,1.0825
90633,La Habra,1.0825
90637,La Mirada,1.095
90638,Santa Fe Springs,1.105
90639,La Mirada,1.095
90640,Montebello,1.1025
90650,Santa Fe Springs,1.105
90651,Norwalk,1.1025
90652,Norwalk,1.1025
90660,Montebello,1.1025
90661,Pico Rivera,1.1025
90662,Pico Rivera,1.1025
90670,Santa Fe Springs,1.105
90671,Santa Fe Springs,1.105
90680,Garden Grove,1.0875
90701,Artesia,1.095
90702,Artesia,1.095
90703,Santa Fe Springs,1.105
90704,Avalon,1.1
90706,Bellflower,1.1025
90707,Bellflower,1.1025
90710,Carson,1.1025
90711,Lakewood,1.1025
90712,Lakewood,1.1025
90713,Bellflower,1.1025
90714,Lakewood,1.1025
90715,Lakewood,1.1025
90716,Lakewood,1.1025
90717,Lomita,1.1025
90720,Long Beach,1.1025
90721,Los Alamitos,1.0925
90723,Bellflower,1.1025
90731,Long Beach,1.1025
90732,Los Angeles Tourism Marketing District,1.095
90733,Los Angeles Tourism Marketing District,1.095
90734,Los Angeles Tourism Marketing District,1.095
90740,Seal Beach,1.0875
90742,Huntington Beach Tourism Bid,1.0775
90743,Seal Beach,1.0875
90744,Carson,1.1025
90745,Carson,1.1025
90746,Carson,1.1025
90747,Carson,1.1025
90748,Los Angeles Tourism Marketing District,1.095
90749,Carson,1.1025
90755,Signal Hill,1.1025
90801,Long Beach,1.1025
90802,Long Beach Tourism Bia,1.1025
90803,Long Beach,1.1025
90804,Signal Hill,1.1025
90805,Bellflower,1.1025
90806,Long Beach,1.1025
90807,Long Beach,1.1025
90808,Long Beach Tourism Bia,1.1025
90809,Long Beach Tourism Bia,1.1025
90810,Carson,1.1025
90813,Long Beach,1.1025
90814,Long Beach,1.1025
90815,Long Beach Tourism Bia,1.1025
90822,Long Beach Tourism Bia,1.1025
90831,Long Beach Tourism Bia,1.1025
90832,Long Beach Tourism Bia,1.1025
90833,Long Beach Tourism Bia,1.1025
90840,Long Beach,1.1025
90842,Long Beach Tourism Bia,1.1025
90844,Long Beach Tourism Bia,1.1025
90846,Long Beach,1.1025
90847,Long Beach Tourism Bia,1.1025
90848,Long Beach Tourism Bia,1.1025
90853,Long Beach,1.1025
90895,Carson,1.1025
91001,Pasadena Tourism Business Improvement District,1.1025
91003,Los Angeles,1.095
91006,Arcadia,1.1025
91007,Arcadia,1.1025
91008,Duarte,1.1025
91009,Duarte,1.1025
91010,Azusa,1.1025
91011,Pasadena Tourism Business Improvement District,1.1025
91012,La Canada Flintridge,1.095
91016,Arcadia,1.1025
91017,Monrovia,1.1025
91020,Glendale,1.1025
91021,Los Angeles,1.095
91023,Los Angeles,1.095
91024,Arcadia,1.1025
91025,Sierra Madre,1.1025
91030,Alhambra,1.1025
91031,South Pasadena,1.1025
91040,Los Angeles Tourism Marketing District,1.095
91041,Los Angeles Tourism Marketing District,1.095
91042,Glendale,1.1025
91043,Los Angeles Tourism Marketing District,1.095
91046,Glendale,1.1025
91066,Arcadia,1.1025
91077,Arcadia,1.1025
91101,Pasadena Tourism Business Improvement District,1.1025
91102,Pasadena Tourism Business Improvement District,1.1025
91103,Pasadena Tourism Business Improvement District,1.1025
91104,Pasadena Tourism Business Improvement District,1.1025
91105,Pasadena Tourism Business Improvement District,1.1025
91106,Pasadena Tourism Business Improvement District,1.1025
91107,Pasadena Tourism Business Improvement District,1.1025
91108,Pasadena Tourism Business Improvement District,1.1025
91109,Pasadena Tourism Business Improvement District,1.1025
91110,Pasadena Tourism Business Improvement District,1.1025
91114,Pasadena Tourism Business Improvement District,1.1025
91115,Pasadena Tourism Business Improvement District,1.1025
91116,Pasadena Tourism Business Improvement District,1.1025
91117,Pasadena Tourism Business Improvement District,1.1025
91118,San Marino,1.095
91121,Pasadena Tourism Business Improvement District,1.1025
91123,Pasadena Tourism Business Improvement District,1.1025
91124,Pasadena Tourism Business Improvement District,1.1025
91125,Pasadena Tourism Business Improvement District,1.1025
91126,Pasadena Tourism Business Improvement District,1.1025
91129,Pasadena Tourism Business Improvement District,1.1025
91182,Pasadena Tourism Business Improvement District,1.1025
91184,Pasadena Tourism Business Improvement District,1.1025
91185,Los Angeles,1.095
91188,Pasadena Tourism Business Improvement District,1.1025
91189,Pasadena Tourism Business Improvement District,1.1025
91199,Pasadena Tourism Business Improvement District,1.1025
91201,Burbank Tourism Business Improvement District,1.1025
91202,Glendale,1.1025
91203,Glendale,1.1025
91204,Glendale,1.1025
91205,Glendale,1.1025
91206,Glendale,1.1025
91207,Glendale,1.1025
91208,Glendale,1.1025
91209,Glendale,1.1025
91210,Glendale,1.1025
91214,Glendale,1.1025
91221,Glendale,1.1025
91222,Glendale,1.1025
91224,Glendale,1.1025
91225,Glendale,1.1025
91226,Glendale,1.1025
91301,Agoura Hills,1.095
91302,Los Angeles Tourism Marketing District,1.095
91303,Los Angeles Tourism Marketing District,1.095
91304,Los Angeles Tourism Marketing District,1.095
91305,Los Angeles Tourism Marketing District,1.095
91306,Los Angeles Tourism Marketing District,1.095
91307,Los Angeles Tourism Marketing District,1.095
91308,Los Angeles Tourism Marketing District,1.095
91309,Los Angeles Tourism Marketing District,1.095
91310,Los Angeles,1.095
91311,Los Angeles Tourism Marketing District,1.095
91313,Los Angeles Tourism Marketing District,1.095
91316,Los Angeles Tourism Marketing District,1.095
91319,Thousand Oaks,1.0725
91320,Ventura Co Local Tax Sl,1.0725
91321,Santa Clarita,1.095
91322,Santa Clarita,1.095
91324,Los Angeles Tourism Marketing District,1.095
91325,Los Angeles Tourism Marketing District,1.095
91326,Los Angeles Tourism Marketing District,1.095
91327,Los Angeles Tourism Marketing District,1.095
91328,Los Angeles Tourism Marketing District,1.095
91329,Los Angeles Tourism Marketing District,1.095
91330,Los Angeles Tourism Marketing District,1.095
91331,Los Angeles Tourism Marketing District,1.095
91333,Los Angeles Tourism Marketing District,1.095
91334,Los Angeles Tourism Marketing District,1.095
91335,Los Angeles Tourism Marketing District,1.095
91337,Los Angeles Tourism Marketing District,1.095
91340,San Fernando,1.1025
91341,San Fernando,1.1025
91342,San Fernando,1.1025
91343,Los Angeles Tourism Marketing District,1.095
91344,Los Angeles Tourism Marketing District,1.095
91345,Los Angeles Tourism Marketing District,1.095
91346,Los Angeles Tourism Marketing District,1.095
91350,Santa Clarita,1.095
91351,Santa Clarita,1.095
91352,Burbank Tourism Business Improvement District,1.1025
91353,Los Angeles Tourism Marketing District,1.095
91354,Santa Clarita,1.095
91355,Santa Clarita,1.095
91356,Los Angeles Tourism Marketing District,1.095
91357,Los Angeles Tourism Marketing District,1.095
91358,Thousand Oaks,1.0725
91359,Thousand Oaks,1.0725
91360,Ventura Co Local Tax Sl,1.0725
91361,Westlake Village,1.095
91362,Westlake Village,1.095
91364,Los Angeles Tourism Marketing District,1.095
91365,Los Angeles Tourism Marketing District,1.095
91367,Los Angeles Tourism Marketing District,1.095
91371,Los Angeles Tourism Marketing District,1.095
91372,Calabasas,1.095
91376,Agoura Hills,1.095
91377,Ventura Co Local Tax Sl,1.0725
91380,Santa Clarita,1.095
91381,Los Angeles,1.095
91382,Santa Clarita,1.095
91383,Los Angeles,1.095
91384,Los Angeles,1.095
91385,Santa Clarita,1.095
91386,Santa Clarita,1.095
91387,Santa Clarita,1.095
91390,Santa Clarita,1.095
91392,Los Angeles Tourism Marketing District,1.095
91393,Los Angeles Tourism Marketing District,1.095
91394,Los Angeles Tourism Marketing District,1.095
91395,Los Angeles Tourism Marketing District,1.095
91396,Los Angeles Tourism Marketing District,1.095
91401,Los Angeles Tourism Marketing District,1.095
91402,Los Angeles Tourism Marketing District,1.095
91403,Los Angeles Tourism Marketing District,1.095
91404,Los Angeles Tourism Marketing District,1.095
91405,Los Angeles Tourism Marketing District,1.095
91406,Los Angeles Tourism Marketing District,1.095
91407,Los Angeles Tourism Marketing District,1.095
91408,Los Angeles Tourism Marketing District,1.095
91409,Los Angeles Tourism Marketing District,1.095
91410,Los Angeles Tourism Marketing District,1.095
91411,Los Angeles Tourism Marketing District,1.095
91412,Los Angeles Tourism Marketing District,1.095
91413,Los Angeles Tourism Marketing District,1.095
91416,Los Angeles Tourism Marketing District,1.095
91423,Los Angeles Tourism Marketing District,1.095
91426,Los Angeles Tourism Marketing District,1.095
91436,Los Angeles Tourism Marketing District,1.095
91470,Los Angeles Tourism Marketing District,1.095
91482,Los Angeles Tourism Marketing District,1.095
91495,Los Angeles Tourism Marketing District,1.095
91496,Los Angeles Tourism Marketing District,1.095
91499,Los Angeles Tourism Marketing District,1.095
91501,Burbank Tourism Business Improvement District,1.1025
91502,Burbank Tourism Business Improvement District,1.1025
91503,Burbank Tourism Business Improvement District,1.1025
91504,Burbank Tourism Business Improvement District,1.1025
91505,Burbank Tourism Business Improvement District,1.1025
91506,Burbank Tourism Business Improvement District,1.1025
91507,Burbank Tourism Business Improvement District,1.1025
91508,Burbank Tourism Business Improvement District,1.1025
91510,Burbank Tourism Business Improvement District,1.1025
91521,Burbank Tourism Business Improvement District,1.1025
91522,Burbank Tourism Business Improvement District,1.1025
91523,Burbank Tourism Business Improvement District,1.1025
91526,Burbank Tourism Business Improvement District,1.1025
91601,Los Angeles Tourism Marketing District,1.095
91602,Burbank Tourism Business Improvement District,1.1025
91603,Los Angeles Tourism Marketing District,1.095
91604,Los Angeles Tourism Marketing District,1.095
91605,Burbank Tourism Business Improvement District,1.1025
91606,Burbank Tourism Business Improvement District,1.1025
91607,Los Angeles Tourism Marketing District,1.095
91608,Los Angeles Tourism Marketing District,1.095
91609,Los Angeles Tourism Marketing District,1.095
91610,Los Angeles Tourism Marketing District,1.095
91611,Los Angeles Tourism Marketing District,1.095
91612,Los Angeles Tourism Marketing District,1.095
91614,Los Angeles Tourism Marketing District,1.095
91615,Los Angeles Tourism Marketing District,1.095
91616,Los Angeles Tourism Marketing District,1.095
91617,Los Angeles Tourism Marketing District,1.095
91618,Los Angeles Tourism Marketing District,1.095
91701,Rancho Cucamonga,1.0775
91702,Azusa,1.1025
91706,Azusa,1.1025
91708,Chino,1.0775
91709,Pomona,1.1025
91710,Pomona,1.1025
91711,La Verne,1.1025
91714,Industry,1.095
91715,Industry,1.095
91716,Industry,1.095
91722,Azusa,1.1025
91723,Covina,1.1025
91724,Covina,1.1025
91729,Rancho Cucamonga,1.0775
91730,Ontario,1.0875
91731,El Monte,1.1
91732,Arcadia,1.1025
91733,South El Monte,1.1025
91734,El Monte,1.1
91735,El Monte,1.1
91737,Rancho Cucamonga,1.0775
91739,Ontario,1.0875
91740,Covina,1.1025
91741,Glendora,1.1025
91743,Ontario,1.0875
91744,La Puente,1.1
91745,Industry,1.095
91746,Baldwin Park,1.1025
91747,La Puente,1.1
91748,Industry,1.095
91749,La Puente,1.1
91750,La Verne,1.1025
91752,Ontario,1.0875
91754,Alhambra,1.1025
91755,Montebello,1.1025
91756,Monterey Park,1.1025
91758,Ontario,1.0875
91759,Los Angeles,1.095
91761,Ontario,1.0875
91762,Montclair,1.09
91763,Claremont Tourism Business Improvement District,1.095
91764,Ontario,1.0875
91765,Pomona,1.1025
91766,Pomona,1.1025
91767,La Verne,1.1025
91768,La Verne,1.1025
91769,Pomona,1.1025
91770,Montebello,1.1025
91771,Rosemead,1.095
91772,Rosemead,1.095
91773,Covina,1.1025
91775,Alhambra,1.1025
91776,Alhambra,1.1025
91778,San Gabriel,1.1025
91780,Arcadia,1.1025
91784,Rancho Cucamonga,1.0775
91785,Upland,1.0775
91786,Claremont Tourism Business Improvement District,1.095
91788,Walnut,1.095
91789,Pomona,1.1025
91790,Baldwin Park,1.1025
91791,Covina,1.1025
91792,Walnut,1.095
91793,West Covina,1.095
91801,Alhambra,1.1025
91802,Alhambra,1.1025
91803,Alhambra,1.1025
91804,Alhambra,1.1025
91896,Alhambra,1.1025
91899,Alhambra,1.1025
91901,San Diego Co Local Tax Sl,1.0775
91902,Chula Vista,1.0875
91903,San Diego Co Local Tax Sl,1.0775
91905,San Diego Co Local Tax Sl,1.0775
91906,San Diego Co Local Tax Sl,1.0775
91908,San Diego Co Local Tax Sl,1.0775
91909,Chula Vista,1.0875
91910,Chula Vista,1.0875
91911,Chula Vista,1.0875
91912,Chula Vista,1.0875
91913,Chula Vista,1.0875
91914,Chula Vista,1.0875
91915,Chula Vista,1.0875
91916,San Diego Co Local Tax Sl,1.0775
91917,San Diego Co Local Tax Sl,1.0775
91921,Chula Vista,1.0875
91931,San Diego Co Local Tax Sl,1.0775
91932,Imperial Beach,1.0875
91933,Imperial Beach,1.0875
91934,San Diego Co Local Tax Sl,1.0775
91935,San Diego Co Local Tax Sl,1.0775
91941,La Mesa,1.085
91942,La Mesa,1.085
91943,La Mesa,1.085
91944,La Mesa,1.085
91945,San Diego Tourism Marketing District,1.0775
91946,Lemon Grove,1.0775
91948,San Diego Co Local Tax Sl,1.0775
91950,Chula Vista,1.0875
91951,National City,1.0875
91962,San Diego Co Local Tax Sl,1.0775
91963,San Diego Co Local Tax Sl,1.0775
91976,San Diego Co Local Tax Sl,1.0775
91977,La Mesa,1.085
91978,San Diego Co Local Tax Sl,1.0775
91979,San Diego Co Local Tax Sl,1.0775
91980,San Diego Co Local Tax Sl,1.0775
91987,San Diego Co Local Tax Sl,1.0775
92003,Oceanside Tourism Marketing District,1.0825
92004,Imperial Co Local Tax Sl,1.0775
92007,Encinitas,1.0775
92008,Carlsbad Golf Lodging Business Improvement District,1.0775
92009,Carlsbad Golf Lodging Business Improvement District,1.0775
92010,Oceanside Tourism Marketing District,1.0825
92011,Carlsbad Golf Lodging Business Improvement District,1.0775
92013,Carlsbad Golf Lodging Business Improvement District,1.0775
92014,Solana Beach,1.0875
92018,Carlsbad Golf Lodging Business Improvement District,1.0775
92019,El Cajon,1.0825
92020,La Mesa,1.085
92021,El Cajon,1.0825
92022,El Cajon,1.0825
92023,Encinitas,1.0775
92024,Carlsbad Golf Lodging Business Improvement District,1.0775
92025,San Diego Tourism Marketing District,1.0775
92026,Escondido,1.0775
92027,San Diego Tourism Marketing District,1.0775
92028,Oceanside Tourism Marketing District,1.0825
92029,San Diego Tourism Marketing District,1.0775
92030,Escondido,1.0775
92033,Escondido,1.0775
92036,San Diego Co Local Tax Sl,1.0775
92037,San Diego Tourism Marketing District,1.0775
92038,San Diego Tourism Marketing District,1.0775
92039,San Diego Tourism Marketing District,1.0775
92040,Poway,1.0775
92046,Escondido,1.0775
92049,Oceanside Tourism Marketing District,1.0825
92051,Oceanside Tourism Marketing District,1.0825
92052,Oceanside Tourism Marketing District,1.0825
92054,Oceanside Tourism Marketing District,1.0825
92055,San Diego Co Local Tax Sl,1.0775
92056,Oceanside Tourism Marketing District,1.0825
92057,Oceanside Tourism Marketing District,1.0825
92058,Oceanside Tourism Marketing District,1.0825
92059,Riverside County District Tax Sp,1.0775
92060,San Diego Co Local Tax Sl,1.0775
92061,San Diego Co Local Tax Sl,1.0775
92064,San Diego Tourism Marketing District,1.0775
92065,Poway,1.0775
92066,San Diego Co Local Tax Sl,1.0775
92067,San Diego Tourism Marketing District,1.0775
92068,Oceanside Tourism Marketing District,1.0825
92069,Escondido,1.0775
92070,San Diego Co Local Tax Sl,1.0775
92071,El Cajon,1.0825
92072,Santee,1.0775
92074,Poway,1.0775
92075,Solana Beach,1.0875
92078,Vista,1.0825
92079,San Marcos,1.0775
92081,Oceanside Tourism Marketing District,1.0825
92082,Escondido,1.0775
92083,Oceanside Tourism Marketing District,1.0825
92084,Oceanside Tourism Marketing District,1.0825
92085,Vista,1.0825
92086,San Diego Co Local Tax Sl,1.0775
92088,San Diego Co Local Tax Sl,1.0775
92091,San Diego Co Local Tax Sl,1.0775
92092,San Diego Tourism Marketing District,1.0775
92093,San Diego Tourism Marketing District,1.0775
92096,San Marcos,1.0775
92101,San Diego Tourism Marketing District,1.0775
92102,San Diego Tourism Marketing District,1.0775
92103,San Diego Tourism Marketing District,1.0775
92104,San Diego Tourism Marketing District,1.0775
92105,San Diego Tourism Marketing District,1.0775
92106,San Diego Tourism Marketing District,1.0775
92107,San Diego Tourism Marketing District,1.0775
92108,San Diego Tourism Marketing District,1.0775
92109,San Diego Tourism Marketing District,1.0775
92110,San Diego Tourism Marketing District,1.0775
92111,San Diego Tourism Marketing District,1.0775
92112,San Diego Tourism Marketing District,1.0775
92113,National City,1.0875
92114,National City,1.0875
92115,La Mesa,1.085
92116,San Diego Tourism Marketing District,1.0775
92117,San Diego Tourism Marketing District,1.0775
92118,Coronado Tourism Improvement District,1.0775
92119,La Mesa,1.085
92120,La Mesa,1.085
92121,San Diego Tourism Marketing District,1.0775
92122,San Diego Tourism Marketing District,1.0775
92123,San Diego Tourism Marketing District,1.0775
92124,San Diego Tourism Marketing District,1.0775
92126,San Diego Tourism Marketing District,1.0775
92127,San Diego Tourism Marketing District,1.0775
92128,San Diego Tourism Marketing District,1.0775
92129,San Diego Tourism Marketing District,1.0775
92130,San Diego Tourism Marketing District,1.0775
92131,San Diego Tourism Marketing District,1.0775
92132,San Diego Tourism Marketing District,1.0775
92134,San Diego Tourism Marketing District,1.0775
92135,Coronado Tourism Improvement District,1.0775
92136,National City,1.0875
92137,San Diego Tourism Marketing District,1.0775
92138,San Diego Tourism Marketing District,1.0775
92139,National City,1.0875
92140,San Diego Tourism Marketing District,1.0775
92142,San Diego Tourism Marketing District,1.0775
92143,San Diego Tourism Marketing District,1.0775
92145,San Diego Tourism Marketing District,1.0775
92147,San Diego Tourism Marketing District,1.0775
92149,San Diego Tourism Marketing District,1.0775
92150,San Diego Tourism Marketing District,1.0775
92152,San Diego Tourism Marketing District,1.0775
92153,San Diego Tourism Marketing District,1.0775
92154,Imperial Beach,1.0875
92155,Coronado Tourism Improvement District,1.0775
92158,San Diego Co Local Tax Sl,1.0775
92159,San Diego Tourism Marketing District,1.0775
92160,San Diego Tourism Marketing District,1.0775
92161,San Diego Tourism Marketing District,1.0775
92163,San Diego Tourism Marketing District,1.0775
92165,San Diego Tourism Marketing District,1.0775
92166,San Diego Tourism Marketing District,1.0775
92167,San Diego Tourism Marketing District,1.0775
92168,San Diego Tourism Marketing District,1.0775
92169,San Diego Tourism Marketing District,1.0775
92170,San Diego Tourism Marketing District,1.0775
92171,San Diego Tourism Marketing District,1.0775
92172,San Diego Tourism Marketing District,1.0775
92173,San Diego Tourism Marketing District,1.0775
92174,San Diego Tourism Marketing District,1.0775
92175,San Diego Tourism Marketing District,1.0775
92176,San Diego Tourism Marketing District,1.0775
92177,San Diego Tourism Marketing District,1.0775
92178,Coronado Tourism Improvement District,1.0775
92179,San Diego Co Local Tax Sl,1.0775
92182,San Diego Tourism Marketing District,1.0775
92186,San Diego Tourism Marketing District,1.0775
92187,San Diego Tourism Marketing District,1.0775
92191,San Diego Tourism Marketing District,1.0775
92192,San Diego Tourism Marketing District,1.0775
92193,San Diego Tourism Marketing District,1.0775
92195,San Diego Tourism Marketing District,1.0775
92196,San Diego Tourism Marketing District,1.0775
92197,San Diego Tourism Marketing District,1.0775
92198,San Diego Tourism Marketing District,1.0775
92199,San Diego Tourism Marketing District,1.0775
92201,Indio,1.0875
92202,Indio,1.0875
92203,Indio,1.0875
92210,La Quinta,1.0875
92211,Indio,1.0875
92220,Beaumont,1.0775
92222,Imperial Co Local Tax Sl,1.0775
92223,Beaumont,1.0775
92225,Blythe,1.0875
92226,Blythe,1.0875
92227,Brawley,1.0775
92230,Riverside County District Tax Sp,1.0775
92231,Calexico,1.0825
92232,Calexico,1.0825
92233,Calipatria,1.0775
92234,Palm Springs,1.0925
92235,Cathedral City,1.0875
92236,Indio,1.0875
92239,Riverside County District Tax Sp,1.0775
92240,Cathedral City,1.0875
92241,Desert Hot Springs,1.0775
92242,San Bernardino,1.0775
92243,El Centro,1.0825
92244,El Centro,1.0825
92247,La Quinta,1.0875
92248,La Quinta,1.0875
92249,Calexico,1.0825
92250,Holtville,1.0775
92251,Imperial,1.0775
92252,Twentynine Palms Tourism Business Improvement District,1.0775
92253,Indio,1.0875
92254,Riverside County District Tax Sp,1.0775
92255,Palm Desert,1.0775
92256,San Bernardino,1.0775
92257,Imperial Co Local Tax Sl,1.0775
92258,Palm Springs,1.0925
92259,Imperial Co Local Tax Sl,1.0775
92260,Indian Wells,1.0775
92261,Palm Desert,1.0775
92262,Palm Springs,1.0925
92263,Palm Springs,1.0925
92264,Palm Springs,1.0925
92266,Imperial Co Local Tax Sl,1.0775
92267,San Bernardino,1.0775
92268,San Bernardino,1.0775
92270,Cathedral City,1.0875
92273,Imperial Co Local Tax Sl,1.0775
92274,La Quinta,1.0875
92275,Imperial Co Local Tax Sl,1.0775
92276,Cathedral City,1.0875
92277,Twentynine Palms Tourism Business Improvement District,1.0775
92278,San Bernardino,1.0775
92280,San Bernardino,1.0775
92281,Westmorland,1.0775
92282,Palm Springs,1.0925
92283,Imperial Co Local Tax Sl,1.0775
92284,Yucca Valley,1.0875
92285,San Bernardino,1.0775
92286,Yucca Valley,1.0875
92301,Los Angeles,1.095
92304,San Bernardino,1.0775
92305,San Bernardino,1.0775
92307,Apple Valley,1.0775
92308,Apple Valley,1.0775
92309,San Bernardino,1.0775
92310,San Bernardino,1.0775
92311,Barstow,1.0875
92312,Barstow,1.0875
92313,Colton,1.0875
92314,Big Bear Lake Tourism Business Improvement District,1.0775
92315,Big Bear Lake Tourism Business Improvement District,1.0775
92316,Colton,1.0875
92317,San Bernardino,1.0775
92318,Loma Linda,1.0775
92320,Calimesa,1.0775
92321,San Bernardino,1.0775
92322,San Bernardino,1.0775
92323,San Bernardino,1.0775
92324,Colton,1.0875
92325,San Bernardino,1.0775
92327,San Bernardino,1.0775
92328,Inyo County District Tax Sp,1.0775
92329,San Bernardino,1.0775
92331,Fontana,1.0775
92332,San Bernardino,1.0775
92333,Big Bear Lake Tourism Business Improvement District,1.0775
92334,Fontana,1.0775
92335,Fontana,1.0775
92336,Fontana,1.0775
92337,Jurupa Valley,1.0775
92338,San Bernardino,1.0775
92339,San Bernardino,1.0775
92340,Hesperia  Ca,1.0775
92341,San Bernardino,1.0775
92342,San Bernardino,1.0775
92344,Hesperia  Ca,1.0775
92345,Hesperia  Ca,1.0775
92346,Redlands,1.0875
92347,San Bernardino,1.0775
92350,Loma Linda,1.0775
92352,San Bernardino,1.0775
92354,Colton,1.0875
92356,San Bernardino,1.0775
92357,Loma Linda,1.0775
92358,San Bernardino,1.0775
92359,Redlands,1.0875
92363,Needles,1.0775
92364,San Bernardino,1.0775
92365,San Bernardino,1.0775
92366,San Bernardino,1.0775
92368,Victorville,1.0875
92369,San Bernardino,1.0875
92371,Adelanto,1.0775
92372,Los Angeles,1.095
92373,Redlands,1.0875
92374,Redlands,1.0875
92375,Redlands,1.0875
92376,Colton,1.0875
92377,Rialto,1.0775
92378,San Bernardino,1.0775
92382,San Bernardino,1.0775
92384,Inyo County District Tax Sp,1.0775
92385,San Bernardino,1.0775
92386,Big Bear Lake Tourism Business Improvement District,1.0775
92389,Inyo County District Tax Sp,1.0775
92391,San Bernardino,1.0775
92392,Victorville,1.0875
92393,Victorville,1.0875
92394,Victorville,1.0875
92395,Victorville,1.0875
92397,Los Angeles,1.095
92398,San Bernardino,1.0775
92399,Calimesa,1.0775
92401,San Bernardino,1.0875
92402,San Bernardino,1.0875
92403,Redlands,1.0875
92404,San Bernardino,1.0875
92405,San Bernardino,1.0875
92406,San Bernardino,1.0875
92407,San Bernardino,1.0875
92408,San Bernardino,1.0875
92410,Colton,1.0875
92411,San Bernardino,1.0875
92413,San Bernardino,1.0875
92415,San Bernardino,1.0875
92418,San Bernardino,1.0875
92423,Redlands,1.0875
92427,San Bernardino,1.0875
92501,Riverside,1.0875
92502,Riverside,1.0875
92503,Corona,1.0875
92504,Riverside,1.0875
92505,Corona,1.0875
92506,Riverside,1.0875
92507,Colton,1.0875
92508,Riverside,1.0875
92509,Jurupa Valley,1.0775
92513,Riverside,1.0875
92514,Riverside,1.0875
92516,Riverside,1.0875
92517,Riverside,1.0875
92518,Riverside County District Tax Sp,1.0775
92519,Jurupa Valley,1.0775
92521,Riverside,1.0875
92522,Riverside,1.0875
92530,Lake Elsinore,1.0875
92531,Lake Elsinore,1.0875
92532,Lake Elsinore,1.0875
92536,Riverside County District Tax Sp,1.0775
92539,Riverside County District Tax Sp,1.0775
92543,San Jacinto,1.0875
92544,San Jacinto,1.0875
92545,Hemet,1.0875
92546,Hemet,1.0875
92548,Riverside County District Tax Sp,1.0775
92549,Riverside County District Tax Sp,1.0775
92551,Moreno Valley,1.0775
92552,Moreno Valley,1.0775
92553,Riverside,1.0875
92554,Moreno Valley,1.0775
92555,Moreno Valley,1.0775
92556,Moreno Valley,1.0775
92557,Moreno Valley,1.0775
92561,Palm Springs,1.0925
92562,Temecula Valley Tourism Business Improvement District,1.0875
92563,Temecula Valley Tourism Business Improvement District,1.0875
92564,Murrieta Tourism Business Improvement District,1.0875
92567,Riverside County District Tax Sp,1.0775
92570,Lake Elsinore,1.0875
92571,Menifee,1.0875
92572,Perris,1.0775
92581,San Jacinto,1.0875
92582,San Jacinto,1.0875
92583,San Jacinto,1.0875
92584,Murrieta Tourism Business Improvement District,1.0875
92585,Menifee,1.0875
92586,Menifee,1.0875
92587,Lake Elsinore,1.0875
92589,Temecula Valley Tourism Business Improvement District,1.0875
92590,Temecula Valley Tourism Business Improvement District,1.0875
92591,Temecula Valley Tourism Business Improvement District,1.0875
92592,Temecula Valley Tourism Business Improvement District,1.0875
92593,Temecula Valley Tourism Business Improvement District,1.0875
92595,Murrieta Tourism Business Improvement District,1.0875
92596,Hemet,1.0875
92599,Perris,1.0775
92602,Irvine,1.0775
92603,Irvine,1.0775
92604,Irvine,1.0775
92605,Huntington Beach Tourism Bid,1.0775
92606,Irvine,1.0775
92607,Laguna Niguel,1.0775
92609,Lake Forest,1.0775
92610,Lake Forest,1.0775
92612,Irvine,1.0775
92614,Irvine,1.0775
92615,Huntington Beach Tourism Bid,1.0775
92616,Irvine,1.0775
92617,Irvine,1.0775
92618,Irvine,1.0775
92619,Irvine,1.0775
92620,Irvine,1.0775
92623,Irvine,1.0775
92624,Dana Point Tourism Business Improvement District,1.0775
92625,Newport Beach,1.0775
92626,Santa Ana,1.0925
92627,Costa Mesa,1.0775
92628,Costa Mesa,1.0775
92629,Dana Point Tourism Business Improvement District,1.0775
92630,Irvine,1.0775
92637,Aliso Viejo,1.0775
92646,Fountain Valley,1.0875
92647,Westminster,1.0875
92648,Huntington Beach Tourism Bid,1.0775
92649,Seal Beach,1.0875
92650,Irvine,1.0775
92651,Laguna Beach Business Improvement District,1.0775
92652,Laguna Beach Business Improvement District,1.0775
92653,Aliso Viejo,1.0775
92654,Laguna Hills,1.0775
92655,Westminster,1.0875
92656,Aliso Viejo,1.0775
92657,Newport Beach,1.0775
92658,Newport Beach,1.0775
92659,Newport Beach,1.0775
92660,Newport Beach Tourism Business Improvement District,1.0775
92661,Newport Beach,1.0775
92662,Newport Beach,1.0775
92663,Newport Beach Tourism Business Improvement District,1.0775
92672,Dana Point Tourism Business Improvement District,1.0775
92673,Dana Point Tourism Business Improvement District,1.0775
92674,San Clemente,1.0775
92675,San Juan Capistrano,1.0775
92676,Lake Forest,1.0775
92677,San Juan Capistrano,1.0775
92678,Orange County District Tax Sp,1.0775
92679,Orange County District Tax Sp,1.0775
92683,Garden Grove,1.0875
92684,Westminster,1.0875
92685,Westminster,1.0875
92688,Orange County District Tax Sp,1.0775
92690,Mission Viejo,1.0775
92691,Lake Forest,1.0775
92692,Mission Viejo,1.0775
92693,San Juan Capistrano,1.0775
92694,Orange County District Tax Sp,1.0775
92697,Irvine,1.0775
92698,Aliso Viejo,1.0775
92701,Santa Ana,1.0925
92702,Santa Ana,1.0925
92703,Santa Ana,1.0925
92704,Santa Ana,1.0925
92705,Santa Ana,1.0925
92706,Santa Ana,1.0925
92707,Santa Ana,1.0925
92708,Santa Ana,1.0925
92711,Santa Ana,1.0925
92712,Santa Ana,1.0925
92728,Fountain Valley,1.0875
92735,Santa Ana,1.0925
92780,Santa Ana,1.0925
92781,Tustin,1.0775
92782,Irvine,1.0775
92799,Santa Ana,1.0925
92801,Buena Park,1.0775
92802,Garden Grove,1.0875
92803,Anaheim,1.0775
92804,Garden Grove,1.0875
92805,Anaheim,1.0775
92806,Placentia,1.0875
92807,Yorba Linda,1.0775
92808,Anaheim,1.0775
92809,Anaheim,1.0775
92811,Placentia,1.0875
92812,Anaheim Tourism Improvement District,1.0775
92814,Anaheim,1.0775
92815,Anaheim,1.0775
92816,Anaheim,1.0775
92817,Anaheim,1.0775
92821,Los Angeles,1.095
92822,Brea,1.0775
92823,Placentia,1.0875
92825,Anaheim,1.0775
92831,Placentia,1.0875
92832,Anaheim,1.0775
92833,La Mirada,1.095
92834,Fullerton,1.0775
92835,Placentia,1.0875
92836,Fullerton,1.0775
92837,Fullerton,1.0775
92838,Fullerton,1.0775
92840,Garden Grove Tourism Improvement District (Tier 2),1.0875
92841,Garden Grove,1.0875
92842,Garden Grove,1.0875
92843,Santa Ana,1.0925
92844,Garden Grove,1.0875
92845,Seal Beach,1.0875
92846,Garden Grove,1.0875
92850,Anaheim,1.0775
92856,Orange,1.0775
92857,Orange,1.0775
92859,Orange,1.0775
92860,Corona,1.0875
92861,Orange County District Tax Sp,1.0775
92862,Orange,1.0775
92863,Orange,1.0775
92864,Orange,1.0775
92865,Anaheim,1.0775
92866,Santa Ana,1.0925
92867,Orange County District Tax Sp,1.0775
92868,Santa Ana,1.0925
92869,Orange,1.0775
92870,Placentia,1.0875
92871,Placentia,1.0875
92877,Corona,1.0875
92878,Corona,1.0875
92879,Corona,1.0875
92880,Norco,1.0875
92881,Corona,1.0875
92882,Corona,1.0875
92883,Corona,1.0875
92885,Yorba Linda,1.0775
92886,Placentia,1.0875
92887,Yorba Linda,1.0775
92899,Anaheim,1.0775
93001,San Buenaventura,1.0775
93002,San Buenaventura,1.0775
93003,San Buenaventura,1.0775
93004,Oxnard,1.0925
93005,San Buenaventura,1.0775
93006,San Buenaventura,1.0775
93007,San Buenaventura,1.0775
93009,San Buenaventura,1.0775
93010,Ventura Co Local Tax Sl,1.0725
93011,Camarillo,1.0725
93012,Ventura Co Local Tax Sl,1.0725
93013,Carpinteria,1.09
93014,Carpinteria,1.09
93015,Ventura Co Local Tax Sl,1.0725
93016,Fillmore,1.0725
93020,Moorpark,1.0725
93021,Ventura Co Local Tax Sl,1.0725
93022,Ojai Tourism Improvement District,1.0725
93023,Ojai Tourism Improvement District,1.0725
93024,Ojai,1.0725
93030,Oxnard,1.0925
93031,Oxnard,1.0925
93032,Oxnard,1.0925
93033,Oxnard,1.0925
93034,Oxnard,1.0925
93035,Oxnard,1.0925
93036,Oxnard,1.0925
93040,Ventura Co Local Tax Sl,1.0725
93041,Oxnard,1.0925
93042,Ventura Co Local Tax Sl,1.0725
93043,Port Hueneme,1.0875
93044,Port Hueneme,1.0875
93060,Santa Paula,1.0825
93061,Santa Paula,1.0825
93062,Simi Valley,1.0725
93063,Ventura Co Local Tax Sl,1.0725
93064,Ventura Co Local Tax Sl,1.0725
93065,Ventura Co Local Tax Sl,1.0725
93066,Ventura Co Local Tax Sl,1.0725
93067,Santa Barbara South Coast Tourism Business Improvement Area,1.0775
93094,Simi Valley,1.0725
93099,Simi Valley,1.0725
93101,Santa Barbara,1.0875
93102,Santa Barbara,1.0875
93103,Santa Barbara,1.0875
93105,Santa Barbara,1.0875
93106,Santa Barbara South Coast Tourism Business Improvement Area,1.0775
93107,Santa Barbara,1.0875
93108,Santa Barbara,1.0875
93109,Santa Barbara,1.0875
93110,Santa Barbara,1.0875
93111,Santa Barbara South Coast Tourism Business Improvement Area,1.0775
93116,Goleta,1.0775
93117,Santa Barbara,1.0875
93118,Goleta,1.0775
93120,Santa Barbara,1.0875
93121,Santa Barbara,1.0875
93130,Santa Barbara,1.0875
93140,Santa Barbara,1.0875
93150,Santa Barbara South Coast Tourism Business Improvement Area,1.0775
93160,Goleta,1.0775
93190,Santa Barbara,1.0875
93199,Goleta,1.0775
93201,Tulare Co Local Tax Sl,1.0775
93202,Kings,1.0725
93203,Kern Co Local Tax Sl,1.0825
93204,Avenal,1.0825
93205,Kern Co Local Tax Sl,1.0825
93206,Kern Co Local Tax Sl,1.0825
93207,Tulare Co Local Tax Sl,1.0775
93208,Tulare Co Local Tax Sl,1.0775
93210,Coalinga,1.08975
93212,Corcoran,1.0825
93215,Delano,1.0825
93216,Delano,1.0825
93218,Tulare Co Local Tax Sl,1.0775
93219,Tulare Co Local Tax Sl,1.0775
93220,Kern Co Local Tax Sl,1.0825
93221,Exeter,1.0875
93222,Kern Co Local Tax Sl,1.0825
93223,Farmersville,1.0875
93224,Kern Co Local Tax Sl,1.0825
93225,Kern Co Local Tax Sl,1.0825
93226,Kern Co Local Tax Sl,1.0825
93227,Tulare Co Local Tax Sl,1.0775
93230,Fresno Co Local Tax Sl,1.07975
93232,Hanford,1.0725
93234,Huron,1.08975
93235,Tulare Co Local Tax Sl,1.0775
93237,Tulare Co Local Tax Sl,1.0775
93238,Kern Co Local Tax Sl,1.0825
93239,Avenal,1.0825
93240,Kern Co Local Tax Sl,1.0825
93241,Kern Co Local Tax Sl,1.0825
93242,Fresno Co Local Tax Sl,1.07975
93243,Los Angeles,1.095
93244,Tulare Co Local Tax Sl,1.0775
93245,Lemoore,1.0725
93246,Kings,1.0725
93247,Lindsay,1.0875
93249,Kern Co Local Tax Sl,1.0825
93250,Delano,1.0825
93251,Kern Co Local Tax Sl,1.0825
93252,Taft,1.0825
93254,Santa Barbara County District Tax Sp,1.0775
93255,Kern Co Local Tax Sl,1.0825
93256,Tulare Co Local Tax Sl,1.0775
93257,Porterville,1.0925
93258,Porterville,1.0925
93260,Tulare Co Local Tax Sl,1.0775
93261,Tulare Co Local Tax Sl,1.0775
93262,Tulare Co Local Tax Sl,1.0775
93263,Kern Co Local Tax Sl,1.0825
93265,Tulare Co Local Tax Sl,1.0775
93266,Kings,1.0725
93267,Tulare Co Local Tax Sl,1.0775
93268,Taft,1.0825
93270,Tulare Co Local Tax Sl,1.0775
93271,Tulare Co Local Tax Sl,1.0775
93272,Tulare Co Local Tax Sl,1.0775
93274,Tulare,1.0825
93275,Tulare,1.0825
93276,Kern Co Local Tax Sl,1.0825
93277,Visalia,1.085
93278,Visalia,1.085
93279,Visalia,1.085
93280,Wasco,1.0825
93282,Tulare Co Local Tax Sl,1.0775
93283,Kern Co Local Tax Sl,1.0825
93285,Kern Co Local Tax Sl,1.0825
93286,Woodlake,1.0875
93287,Kern Co Local Tax Sl,1.0825
93290,Visalia,1.085
93291,Visalia,1.085
93292,Farmersville,1.0875
93301,Bakersfield,1.0825
93302,Bakersfield,1.0825
93303,Bakersfield,1.0825
93304,Bakersfield,1.0825
93305,Bakersfield,1.0825
93306,Bakersfield,1.0825
93307,Bakersfield,1.0825
93308,Bakersfield,1.0825
93309,Bakersfield,1.0825
93311,Bakersfield,1.0825
93312,Bakersfield,1.0825
93313,Bakersfield,1.0825
93314,Bakersfield,1.0825
93380,Kern Co Local Tax Sl,1.0825
93383,Bakersfield,1.0825
93384,Bakersfield,1.0825
93385,Bakersfield,1.0825
93386,Kern Co Local Tax Sl,1.0825
93387,Bakersfield,1.0825
93388,Kern Co Local Tax Sl,1.0825
93389,Bakersfield,1.0825
93390,Bakersfield,1.0825
93401,San Luis Obispo City Tourism Business Improvement District,1.0875
93402,San Luis Obispo County Tourism Business Improvement District,1.0725
93403,San Luis Obispo City Tourism Business Improvement District,1.0875
93405,San Luis Obispo City Tourism Business Improvement District,1.0875
93406,San Luis Obispo City Tourism Business Improvement District,1.0875
93407,San Luis Obispo County Tourism Business Improvement District,1.0725
93408,San Luis Obispo City Tourism Business Improvement District,1.0875
93409,San Luis Obispo City Tourism Business Improvement District,1.0875
93410,San Luis Obispo City Tourism Business Improvement District,1.0875
93412,San Luis Obispo County Tourism Business Improvement District,1.0725
93420,Grover Beach,1.0875
93421,Arroyo Grande Tourism Business Improvement District,1.0775
93422,Atascadero Tourism Business Improvement District,1.0875
93423,Atascadero Tourism Business Improvement District,1.0875
93424,San Luis Obispo County Tourism Business Improvement District,1.0725
93426,Monterey County Tourism Improvement District,1.0775
93427,Buellton,1.0775
93428,San Luis Obispo Co Local Tax Sl,1.0725
93429,Santa Barbara County District Tax Sp,1.0775
93430,San Luis Obispo Co Local Tax Sl,1.0725
93432,San Luis Obispo Co Local Tax Sl,1.0725
93433,Grover Beach,1.0875
93434,Guadalupe,1.0875
93435,San Luis Obispo County Tourism Business Improvement District,1.0725
93436,Lompoc Tourism Improvement District,1.0875
93437,Lompoc Tourism Improvement District,1.0875
93438,Lompoc Tourism Improvement District,1.0875
93440,Santa Ynez Valley Tourism Business Improvement District,1.0775
93441,Santa Ynez Valley Tourism Business Improvement District,1.0775
93442,Morro Bay Tourism Business Improvement District,1.0875
93443,Morro Bay Tourism Business Improvement District,1.0875
93444,San Luis Obispo County Tourism Business Improvement District,1.0725
93445,Grover Beach,1.0875
93446,Paso Robles Tourism Business Improvement District,1.0875
93447,Paso Robles Tourism Business Improvement District,1.0875
93448,Pismo Beach Lodging Business Improvement District,1.0775
93449,Pismo Beach Lodging Business Improvement District,1.0775
93450,Monterey County Tourism Improvement District,1.0775
93451,Monterey County Tourism Improvement District,1.0775
93452,San Luis Obispo County Tourism Business Improvement District,1.0725
93453,San Luis Obispo Co Local Tax Sl,1.0725
93454,Santa Maria,1.0875
93455,Santa Maria,1.0875
93456,Santa Maria,1.0875
93457,Santa Barbara County District Tax Sp,1.0775
93458,Santa Maria,1.0875
93460,Santa Ynez Valley Tourism Business Improvement District,1.0775
93461,Kern Co Local Tax Sl,1.0825
93463,Solvang,1.0875
93464,Solvang,1.0875
93465,San Luis Obispo Co Local Tax Sl,1.0725
93475,San Luis Obispo County Tourism Business Improvement District,1.0725
93483,Grover Beach,1.0875
93501,Kern Co Local Tax Sl,1.0825
93502,Kern Co Local Tax Sl,1.0825
93504,California City,1.0725
93505,California City,1.0725
93510,Los Angeles,1.095
93512,Mono,1.0725
93513,Inyo County District Tax Sp,1.0775
93514,Bishop Tourism Improvement District,1.0875
93515,Bishop Tourism Improvement District,1.0875
93516,Kern Co Local Tax Sl,1.0825
93517,Mono,1.0725
93518,Kern Co Local Tax Sl,1.0825
93519,Kern Co Local Tax Sl,1.0825
93522,Inyo County District Tax Sp,1.0775
93523,Kern Co Local Tax Sl,1.0825
93524,Kern Co Local Tax Sl,1.0825
93526,Inyo County District Tax Sp,1.0775
93527,Kern Co Local Tax Sl,1.0825
93528,Kern Co Local Tax Sl,1.0825
93529,Mono,1.0725
93530,Inyo County District Tax Sp,1.0775
93531,Kern Co Local Tax Sl,1.0825
93532,Los Angeles,1.095
93534,Lancaster Tourism Business Improvement District,1.1025
93535,Lancaster Tourism Business Improvement District,1.1025
93536,Palmdale,1.1025
93539,Lancaster Tourism Business Improvement District,1.1025
93541,Mono,1.0725
93542,Inyo County District Tax Sp,1.0775
93543,Palmdale,1.1025
93544,Los Angeles,1.095
93545,Inyo County District Tax Sp,1.0775
93546,Mammoth Lakes Tourism Business Improvement District,1.0775
93549,Inyo County District Tax Sp,1.0775
93550,Palmdale,1.1025
93551,Palmdale,1.1025
93552,Palmdale,1.1025
93553,Los Angeles,1.095
93554,Kern Co Local Tax Sl,1.0825
93555,Ridgecrest,1.0925
93556,Ridgecrest,1.0925
93558,San Bernardino,1.0775
93560,Los Angeles,1.095
93561,Kern Co Local Tax Sl,1.0825
93562,Inyo County District Tax Sp,1.0775
93563,Los Angeles,1.095
93581,Tehachapi,1.0825
93584,Lancaster Tourism Business Improvement District,1.1025
93586,Los Angeles,1.095
93590,Palmdale,1.1025
93591,Palmdale,1.1025
93592,Inyo County District Tax Sp,1.0775
93596,Kern Co Local Tax Sl,1.0825
93599,Palmdale,1.1025
93601,Mariposa County District Tax Sp,1.0875
93602,Fresno Co Local Tax Sl,1.07975
93603,Fresno Co Local Tax Sl,1.07975
93604,Madera County Tourism Business Improvement District,1.0775
93605,Fresno Co Local Tax Sl,1.07975
93606,Fresno Co Local Tax Sl,1.07975
93607,Fresno Co Local Tax Sl,1.07975
93608,Fresno Co Local Tax Sl,1.07975
93609,Fresno Co Local Tax Sl,1.07975
93610,Chowchilla,1.0875
93611,Fresno,1.0835
93612,Fresno,1.0835
93613,Clovis,1.07975
93614,Madera County Tourism Business Improvement District,1.0775
93615,Tulare Co Local Tax Sl,1.0775
93616,Fresno Co Local Tax Sl,1.07975
93618,Dinuba,1.085
93619,Fresno,1.0835
93620,Fresno Co Local Tax Sl,1.07975
93621,Fresno Co Local Tax Sl,1.07975
93622,Firebaugh,1.07975
93623,Mariposa County District Tax Sp,1.0875
93624,Fresno Co Local Tax Sl,1.07975
93625,Fowler,1.08975
93626,Fresno Co Local Tax Sl,1.07975
93627,Fresno Co Local Tax Sl,1.07975
93628,Fresno Co Local Tax Sl,1.07975
93630,Kerman,1.08975
93631,Kingsburg,1.08975
93633,Tulare Co Local Tax Sl,1.0775
93634,Fresno Co Local Tax Sl,1.07975
93635,Los Banos,1.0875
93636,Madera County Tourism Business Improvement District,1.0775
93637,Madera,1.0825
93638,Madera,1.0825
93639,Madera,1.0825
93640,Mendota,1.07975
93641,Fresno Co Local Tax Sl,1.07975
93642,Fresno Co Local Tax Sl,1.07975
93643,Madera County Tourism Business Improvement District,1.0775
93644,Madera County Tourism Business Improvement District,1.0775
93645,Madera County Tourism Business Improvement District,1.0775
93646,Orange Cove,1.07975
93647,Fresno Co Local Tax Sl,1.07975
93648,Parlier,1.08975
93649,Fresno Co Local Tax Sl,1.07975
93650,Fresno,1.0835
93651,Fresno Co Local Tax Sl,1.07975
93652,Fresno Co Local Tax Sl,1.07975
93653,Mariposa County District Tax Sp,1.0875
93654,Reedley,1.09225
93656,Fresno Co Local Tax Sl,1.07975
93657,Reedley,1.09225
93660,San Joaquin,1.07975
93661,Merced,1.0775
93662,Parlier,1.08975
93664,Fresno Co Local Tax Sl,1.07975
93665,Merced,1.0775
93666,Tulare Co Local Tax Sl,1.0775
93667,Fresno Co Local Tax Sl,1.07975
93668,Fresno Co Local Tax Sl,1.07975
93669,Madera County Tourism Business Improvement District,1.0775
93670,Tulare Co Local Tax Sl,1.0775
93673,Tulare Co Local Tax Sl,1.0775
93675,Fresno Co Local Tax Sl,1.07975
93701,Fresno,1.0835
93702,Fresno,1.0835
93703,Fresno,1.0835
93704,Fresno,1.0835
93705,Fresno,1.0835
93706,Fresno,1.0835
93707,Fresno,1.0835
93708,Fresno,1.0835
93709,Fresno,1.0835
93710,Fresno,1.0835
93711,Fresno,1.0835
93712,Fresno,1.0835
93714,Fresno,1.0835
93715,Fresno,1.0835
93716,Fresno,1.0835
93717,Fresno,1.0835
93718,Fresno,1.0835
93720,Fresno,1.0835
93721,Fresno,1.0835
93722,Fresno,1.0835
93723,Fresno,1.0835
93724,Fresno,1.0835
93725,Fresno,1.0835
93726,Fresno,1.0835
93727,Fresno,1.0835
93728,Fresno,1.0835
93729,Fresno,1.0835
93730,Fresno,1.0835
93737,Fresno,1.0835
93740,Fresno,1.0835
93741,Fresno,1.0835
93744,Fresno,1.0835
93745,Fresno Co Local Tax Sl,1.07975
93747,Fresno,1.0835
93750,Fresno,1.0835
93755,Fresno,1.0835
93760,Fresno,1.0835
93761,Fresno,1.0835
93764,Fresno,1.0835
93765,Fresno,1.0835
93771,Fresno,1.0835
93772,Fresno,1.0835
93773,Fresno,1.0835
93774,Fresno,1.0835
93775,Fresno,1.0835
93776,Fresno,1.0835
93777,Fresno,1.0835
93778,Fresno,1.0835
93779,Fresno,1.0835
93786,Fresno,1.0835
93790,Fresno,1.0835
93791,Fresno,1.0835
93792,Fresno,1.0835
93793,Fresno,1.0835
93794,Fresno,1.0835
93844,Fresno,1.0835
93888,Fresno,1.0835
93901,Salinas,1.0925
93902,Salinas,1.0925
93905,Salinas,1.0925
93906,Salinas,1.0925
93907,Salinas,1.0925
93908,Salinas,1.0925
93912,Salinas,1.0925
93915,Salinas,1.0925
93920,Monterey County Tourism Improvement District,1.0775
93921,Carmel By The Sea,1.0925
93922,Monterey County Tourism Improvement District,1.0775
93923,Carmel By The Sea,1.0925
93924,Monterey County Tourism Improvement District,1.0775
93925,Monterey County Tourism Improvement District,1.0775
93926,Gonzales,1.0875
93927,Greenfield,1.095
93928,Monterey County Tourism Improvement District,1.0775
93930,King City,1.0875
93932,Monterey County Tourism Improvement District,1.0775
93933,Marina,1.0925
93940,Pacific Grove Hospitality Improvement District,1.0925
93942,Monterey Conference Center Facilities District,1.0925
93943,Monterey Conference Center Facilities District,1.0925
93944,Monterey Conference Center Facilities District,1.0925
93950,Pacific Grove Hospitality Improvement District,1.0925
93953,Monterey Conference Center Facilities District,1.0925
93954,Monterey County Tourism Improvement District,1.0775
93955,Marina,1.0925
93960,Soledad,1.0925
93962,Monterey County Tourism Improvement District,1.0775
94002,Belmont,1.09875
94005,Brisbane,1.09875
94010,Burlingame,1.09625
94011,Burlingame,1.09625
94014,Brisbane,1.09875
94015,Pacifica Hotel Business Improvement District,1.09875
94016,Daly City,1.09875
94017,Daly City,1.09875
94018,San Mateo,1.09375
94019,Half Moon Bay Hotel Business Improvement District,1.09375
94020,San Mateo,1.09375
94021,San Mateo,1.09375
94022,Los Altos,1.09125
94023,Los Altos,1.09125
94024,Cupertino,1.09125
94025,East Palo Alto,1.09875
94026,San Mateo,1.09375
94027,San Mateo,1.09375
94028,San Mateo,1.09375
94030,San Bruno,1.09875
94035,Santa Clara Co Local Tax Sl,1.09125
94037,Half Moon Bay Hotel Business Improvement District,1.09375
94038,San Mateo,1.09375
94039,Mountain View,1.09125
94040,Los Altos,1.09125
94041,Mountain View,1.09125
94042,Mountain View,1.09125
94043,Mountain View,1.09125
94044,Pacifica Hotel Business Improvement District,1.09875
94060,Half Moon Bay Hotel Business Improvement District,1.09375
94061,Redwood City,1.09875
94062,Redwood City,1.09875
94063,Redwood City,1.09875
94064,Redwood City,1.09875
94065,Redwood City,1.09875
94066,San Bruno,1.09875
94070,Redwood City,1.09875
94074,San Mateo,1.09375
94080,Daly City,1.09875
94083,South San Francisco,1.09875
94085,Mountain View,1.09125
94086,Mountain View,1.09125
94087,Cupertino,1.09125
94088,Sunnyvale,1.09125
94089,Santa Clara Community Facilities District Stj,1.09125
94102,San Francisco Tourism Improvement District,1.08625
94103,San Francisco Tourism Improvement District,1.08625
94104,San Francisco Tourism Improvement District,1.08625
94105,San Francisco Tourism Improvement District,1.08625
94107,San Francisco Tourism Improvement District,1.08625
94108,San Francisco Tourism Improvement District,1.08625
94109,San Francisco Tourism Improvement District,1.08625
94110,San Francisco Tourism Improvement District (Zone 2),1.08625
94111,San Francisco Tourism Improvement District,1.08625
94112,Daly City,1.09875
94114,San Francisco Tourism Improvement District (Zone 2),1.08625
94115,San Francisco Tourism Improvement District (Zone 2),1.08625
94116,San Francisco Tourism Improvement District (Zone 2),1.08625
94117,San Francisco Tourism Improvement District (Zone 2),1.08625
94118,San Francisco Tourism Improvement District (Zone 2),1.08625
94119,San Francisco Tourism Improvement District,1.08625
94120,San Francisco Tourism Improvement District,1.08625
94121,San Francisco Tourism Improvement District (Zone 2),1.08625
94122,San Francisco Tourism Improvement District (Zone 2),1.08625
94123,San Francisco Tourism Improvement District (Zone 2),1.08625
94124,San Francisco Tourism Improvement District (Zone 2),1.08625
94125,San Mateo,1.09375
94126,San Francisco Tourism Improvement District,1.08625
94127,San Francisco Tourism Improvement District (Zone 2),1.08625
94128,South San Francisco,1.09875
94129,San Francisco Tourism Improvement District,1.08625
94130,Moscone Expansion District Zone 1,1.08625
94131,San Francisco Tourism Improvement District (Zone 2),1.08625
94132,San Francisco Tourism Improvement District (Zone 2),1.08625
94133,San Francisco Tourism Improvement District,1.08625
94134,Daly City,1.09875
94137,San Francisco Tourism Improvement District,1.08625
94139,San Francisco Tourism Improvement District,1.08625
94140,San Francisco Tourism Improvement District (Zone 2),1.08625
94141,San Francisco Tourism Improvement District,1.08625
94142,San Francisco Tourism Improvement District,1.08625
94143,San Francisco Tourism Improvement District,1.08625
94144,San Francisco Tourism Improvement District,1.08625
94145,San Francisco Tourism Improvement District,1.08625
94146,San Francisco Tourism Improvement District (Zone 2),1.08625
94147,San Francisco Tourism Improvement District (Zone 2),1.08625
94151,San Francisco Tourism Improvement District,1.08625
94158,San Francisco Tourism Improvement District,1.08625
94159,San Francisco Tourism Improvement District (Zone 2),1.08625
94160,San Francisco Tourism Improvement District,1.08625
94161,San Francisco Tourism Improvement District,1.08625
94163,San Francisco Tourism Improvement District,1.08625
94164,San Francisco Tourism Improvement District,1.08625
94172,San Francisco Tourism Improvement District,1.08625
94177,San Francisco Tourism Improvement District,1.08625
94188,San Francisco Tourism Improvement District (Zone 2),1.08625
94203,Sacramento Tmd Zone 1,1.0875
94204,Sacramento Tmd Zone 1,1.0875
94205,Sacramento Tmd Zone 1,1.0875
94206,Sacramento Tmd Zone 1,1.0875
94207,Sacramento Tmd Zone 1,1.0875
94208,Sacramento Tmd Zone 1,1.0875
94209,Sacramento Tmd Zone 1,1.0875
94211,Sacramento Tmd Zone 1,1.0875
94229,Sacramento Tmd Zone 1,1.0875
94230,Sacramento Tmd Zone 1,1.0875
94232,Sacramento Tmd Zone 1,1.0875
94234,Sacramento Tmd Zone 1,1.0875
94235,Sacramento Tmd Zone 1,1.0875
94236,Sacramento Tmd Zone 1,1.0875
94237,Sacramento Tmd Zone 1,1.0875
94239,Sacramento Tmd Zone 1,1.0875
94240,Sacramento Tmd Zone 1,1.0875
94244,Sacramento Tmd Zone 1,1.0875
94245,Sacramento Tmd Zone 1,1.0875
94247,Sacramento Tmd Zone 1,1.0875
94248,Sacramento Tmd Zone 1,1.0875
94249,Sacramento Tmd Zone 1,1.0875
94250,Sacramento Tmd Zone 1,1.0875
94252,Sacramento Tmd Zone 1,1.0875
94254,Sacramento Tmd Zone 1,1.0875
94256,Sacramento Tmd Zone 1,1.0875
94257,Sacramento Tmd Zone 1,1.0875
94258,Sacramento Tmd Zone 1,1.0875
94259,Sacramento Tmd Zone 1,1.0875
94261,Sacramento Tmd Zone 1,1.0875
94262,Sacramento Tmd Zone 1,1.0875
94263,Sacramento Tmd Zone 1,1.0875
94267,Sacramento Tmd Zone 1,1.0875
94268,Sacramento Tmd Zone 1,1.0875
94269,Sacramento Tmd Zone 1,1.0875
94271,Sacramento Tmd Zone 1,1.0875
94273,Sacramento Tmd Zone 1,1.0875
94274,Sacramento Tmd Zone 1,1.0875
94277,Sacramento Tmd Zone 1,1.0875
94278,Sacramento Tmd Zone 1,1.0875
94279,Sacramento Tmd Zone 1,1.0875
94280,Sacramento Tmd Zone 1,1.0875
94282,Sacramento Tmd Zone 1,1.0875
94283,Sacramento Tmd Zone 1,1.0875
94284,Sacramento Tmd Zone 1,1.0875
94285,Sacramento Tmd Zone 1,1.0875
94287,Sacramento Tmd Zone 1,1.0875
94288,Sacramento Tmd Zone 1,1.0875
94289,Sacramento Tmd Zone 1,1.0875
94290,Sacramento Tmd Zone 1,1.0875
94291,Sacramento Tmd Zone 1,1.0875
94293,Sacramento Tmd Zone 1,1.0875
94294,Sacramento Tmd Zone 1,1.0875
94295,Sacramento Tmd Zone 1,1.0875
94296,Sacramento Tmd Zone 1,1.0875
94297,Sacramento Tmd Zone 1,1.0875
94298,Sacramento Tmd Zone 1,1.0875
94299,Sacramento Tmd Zone 1,1.0875
94301,Menlo Park,1.09375
94302,Palo Alto,1.09125
94303,East Palo Alto,1.09875
94304,Menlo Park,1.09375
94305,Palo Alto,1.09125
94306,Mountain View,1.09125
94309,Santa Clara Co Local Tax Sl,1.09125
94401,Burlingame,1.09625
94402,San Mateo,1.09625
94403,Belmont,1.09875
94404,San Mateo,1.09625
94497,San Mateo,1.09625
94501,Alameda,1.1075
94502,Alameda,1.1075
94503,Vallejo Hotel Business Improvement District,1.0925
94505,Alameda,1.1025
94506,Danville,1.0875
94507,Walnut Creek,1.0925
94508,Napa Co Local Tax Sl,1.0775
94509,Antioch,1.0975
94510,Fairfield,1.08375
94511,Contra Costa,1.0875
94512,Solano Co Local Tax Sl,1.07375
94513,Antioch,1.0975
94514,Alameda,1.1025
94515,Sonoma County Tourism Business Improvement Area,1.085
94516,Contra Costa,1.0875
94517,Concord,1.0975
94518,Concord,1.0975
94519,Concord,1.0975
94520,Concord,1.0975
94521,Concord,1.0975
94522,Concord,1.0975
94523,Concord,1.0975
94524,Concord,1.0975
94525,Contra Costa,1.0875
94526,Danville,1.0875
94527,Concord,1.0975
94528,Contra Costa,1.0875
94529,Concord,1.0975
94530,Albany,1.1075
94531,Antioch,1.0975
94533,Fairfield,1.08375
94534,Fairfield,1.08375
94535,Fairfield,1.08375
94536,Union City,1.1075
94537,Fremont,1.1025
94538,Newark,1.1075
94539,Tri Valley Tourism Marketing District,1.1025
94540,Hayward,1.1075
94541,Hayward,1.1075
94542,Hayward,1.1075
94543,Hayward,1.1075
94544,Hayward,1.1075
94545,Hayward,1.1075
94546,Hayward,1.1075
94547,Pinole,1.0975
94548,Contra Costa,1.0875
94549,Moraga,1.0975
94550,Pleasanton,1.1025
94551,Dublin,1.1025
94552,Hayward,1.1075
94553,Martinez,1.0975
94555,Fremont,1.1025
94556,Moraga,1.0975
94557,Hayward,1.1075
94558,Sonoma County Tourism Business Improvement Area,1.085
94559,Napa Co Local Tax Sl,1.0775
94560,Newark,1.1075
94561,Oakley,1.0875
94562,Napa Co Local Tax Sl,1.0775
94563,Oakland,1.1025
94564,Pinole,1.0975
94565,Concord,1.0975
94566,Pleasanton,1.1025
94567,Napa Co Local Tax Sl,1.0775
94568,Dublin,1.1025
94569,Contra Costa,1.0875
94570,Moraga,1.0975
94571,Rio Vista,1.08125
94572,Hercules,1.0925
94573,Napa Co Local Tax Sl,1.0775
94574,Sonoma County Tourism Business Improvement Area,1.085
94575,Moraga,1.0975
94576,Napa Co Local Tax Sl,1.0775
94577,San Leandro,1.1075
94578,San Leandro,1.1075
94579,San Leandro,1.1075
94580,Hayward,1.1075
94581,Napa,1.0775
94582,San Ramon,1.0875
94583,Dublin,1.1025
94585,Suisun City,1.08375
94586,Tri Valley Tourism Marketing District,1.1025
94587,Hayward,1.1075
94588,Hayward,1.1075
94589,Vallejo Hotel Business Improvement District,1.0925
94590,Vallejo Hotel Business Improvement District,1.0925
94591,Vallejo Hotel Business Improvement District,1.0925
94592,Vallejo Hotel Business Improvement District,1.0925
94595,Walnut Creek,1.0925
94596,Walnut Creek,1.0925
94597,Pleasant Hill,1.0925
94598,Concord,1.0975
94599,Napa Co Local Tax Sl,1.0775
94601,Oakland,1.1025
94602,Oakland,1.1025
94603,San Leandro,1.1075
94604,Oakland,1.1025
94605,San Leandro,1.1075
94606,Oakland,1.1025
94607,Oakland,1.1025
94608,Emeryville,1.105
94609,Berkeley Tourism Business Improvement District,1.1025
94610,Alameda,1.1025
94611,Alameda,1.1025
94612,Oakland,1.1025
94613,Oakland,1.1025
94614,Oakland,1.1025
94615,Oakland,1.1025
94617,Oakland,1.1025
94618,Alameda,1.1025
94619,Oakland,1.1025
94620,Oakland,1.1025
94621,Oakland,1.1025
94622,Oakland,1.1025
94623,Oakland,1.1025
94624,Oakland,1.1025
94649,Oakland,1.1025
94659,Oakland,1.1025
94660,Oakland,1.1025
94661,Oakland,1.1025
94662,Emeryville,1.105
94666,Oakland,1.1025
94701,Berkeley Tourism Business Improvement District,1.1025
94702,Berkeley Tourism Business Improvement District,1.1025
94703,Berkeley Tourism Business Improvement District,1.1025
94704,Berkeley Tourism Business Improvement District,1.1025
94705,Berkeley Tourism Business Improvement District,1.1025
94706,Albany,1.1075
94707,Albany,1.1075
94708,Berkeley Tourism Business Improvement District,1.1025
94709,Berkeley Tourism Business Improvement District,1.1025
94710,Albany,1.1075
94712,Berkeley Tourism Business Improvement District,1.1025
94720,Berkeley Tourism Business Improvement District,1.1025
94801,Richmond Tourism Business Improvement District,1.0975
94802,Richmond Tourism Business Improvement District,1.0975
94803,Richmond Tourism Business Improvement District,1.0975
94804,Albany,1.1075
94805,El Cerrito,1.1025
94806,Richmond Tourism Business Improvement District,1.0975
94807,Richmond Tourism Business Improvement District,1.0975
94808,Richmond Tourism Business Improvement District,1.0975
94820,Contra Costa,1.0875
94850,Richmond Tourism Business Improvement District,1.0975
94901,Larkspur,1.0925
94903,San Rafael,1.0925
94904,Larkspur,1.0925
94912,San Rafael,1.0925
94913,San Rafael,1.0925
94914,Marin County Tourism Business Improvement District,1.0825
94915,San Rafael,1.0925
94920,Belvedere,1.0825
94922,Sonoma County Tourism Business Improvement Area,1.085
94923,Sonoma County Tourism Business Improvement Area,1.085
94924,West Marin County Transient Occupancy Tax,1.0825
94925,Larkspur,1.0925
94926,Cotati,1.095
94927,Rohnert Park,1.09
94928,Cotati,1.095
94929,West Marin County Transient Occupancy Tax,1.0825
94930,San Anselmo,1.0925
94931,Cotati,1.095
94933,West Marin County Transient Occupancy Tax,1.0825
94937,West Marin County Transient Occupancy Tax,1.0825
94938,West Marin County Transient Occupancy Tax,1.0825
94939,Larkspur,1.0925
94940,West Marin County Transient Occupancy Tax,1.0825
94941,Corte Madera,1.09
94942,Mill Valley,1.0825
94945,Novato,1.085
94946,West Marin County Transient Occupancy Tax,1.0825
94947,Novato,1.085
94948,Novato,1.085
94949,Novato,1.085
94950,West Marin County Transient Occupancy Tax,1.0825
94951,Petaluma,1.095
94952,Petaluma,1.095
94953,Petaluma,1.095
94954,Petaluma,1.095
94955,Petaluma,1.095
94956,West Marin County Transient Occupancy Tax,1.0825
94957,San Anselmo,1.0925
94960,San Anselmo,1.0925
94963,West Marin County Transient Occupancy Tax,1.0825
94964,Marin County Tourism Business Improvement District,1.0825
94965,Sausalito,1.0925
94966,Sausalito,1.0925
94970,West Marin County Transient Occupancy Tax,1.0825
94971,West Marin County Transient Occupancy Tax,1.0825
94972,Sonoma County Tourism Business Improvement Area,1.085
94973,West Marin County Transient Occupancy Tax,1.0825
94974,Marin County Tourism Business Improvement District,1.0825
94975,Petaluma,1.095
94976,Corte Madera,1.09
94977,Larkspur,1.0925
94978,Fairfax,1.09
94979,San Anselmo,1.0925
94998,Novato,1.085
94999,Petaluma,1.095
95001,Santa Cruz County Tourism Marketing District,1.09
95002,San Jose Convention Center Facility District Zone 2,1.09375
95003,Santa Cruz County Tourism Marketing District,1.09
95004,San Benito County District Tax Sp,1.0825
95005,Santa Cruz County Tourism Marketing District,1.09
95006,Santa Cruz County Tourism Marketing District,1.09
95007,Santa Cruz County Tourism Marketing District,1.09
95008,San Jose Convention Center Facility District Zone 2,1.09375
95009,Campbell,1.09375
95010,Santa Cruz County Tourism Marketing District,1.09
95011,Campbell,1.09375
95012,Monterey County Tourism Improvement District,1.0775
95013,San Jose Convention Center Facility District Zone 2,1.09375
95014,San Jose Convention Center Facility District Zone 2,1.09375
95015,Cupertino,1.09125
95017,Santa Cruz County Tourism Marketing District,1.09
95018,Santa Cruz County Tourism Marketing District,1.09
95019,Watsonville,1.0975
95020,Gilroy Tourism Business Improvement District,1.09125
95021,Gilroy Tourism Business Improvement District,1.09125
95023,Hollister,1.0925
95024,Hollister,1.0925
95026,Santa Clara Co Local Tax Sl,1.09125
95030,Los Gatos,1.0925
95031,Los Gatos,1.0925
95032,San Jose Convention Center Facility District Zone 2,1.09375
95033,Los Gatos,1.0925
95035,San Jose Convention Center Facility District Zone 2,1.09375
95036,Milpitas,1.09375
95037,San Jose Convention Center Facility District Zone 2,1.09375
95038,Morgan Hill Tbid,1.09125
95039,Monterey County Tourism Improvement District,1.0775
95041,Santa Cruz County Tourism Marketing District,1.09
95042,Santa Clara Co Local Tax Sl,1.09125
95043,San Benito County District Tax Sp,1.0825
95044,Santa Clara Co Local Tax Sl,1.09125
95045,San Juan Bautista,1.09
95046,Morgan Hill Tbid,1.09125
95050,San Jose Hotel Business Improvement District (Zone B),1.09375
95051,San Jose Convention Center Facility District Zone 2,1.09375
95052,Santa Clara,1.09125
95053,Santa Clara,1.09125
95054,Santa Clara Community Facilities District Stj,1.09125
95055,Santa Clara,1.09125
95056,Santa Clara Community Facilities District Stj,1.09125
95060,Scotts Valley,1.0975
95061,Santa Cruz,1.0925
95062,Santa Cruz,1.0925
95063,Santa Cruz,1.0925
95064,Santa Cruz,1.0925
95065,Santa Cruz,1.0925
95066,Scotts Valley,1.0975
95067,Scotts Valley,1.0975
95070,San Jose Convention Center Facility District Zone 2,1.09375
95071,Saratoga,1.09125
95073,Santa Cruz County Tourism Marketing District,1.09
95075,San Benito County District Tax Sp,1.0825
95076,Watsonville,1.0975
95077,Watsonville,1.0975
95101,San Jose Convention Center Facility District Zone 2,1.09375
95103,San Jose Hotel Business Improvement District  (Zone A),1.09375
95106,San Jose Hotel Business Improvement District  (Zone A),1.09375
95108,San Jose Hotel Business Improvement District  (Zone A),1.09375
95109,San Jose Hotel Business Improvement District  (Zone A),1.09375
95110,San Jose Hotel Business Improvement District (Zone B),1.09375
95111,San Jose Convention Center Facility District Zone 1,1.09375
95112,San Jose Hotel Business Improvement District (Zone B),1.09375
95113,San Jose Hotel Business Improvement District  (Zone A),1.09375
95115,San Jose Hotel Business Improvement District  (Zone A),1.09375
95116,San Jose Convention Center Facility District Zone 1,1.09375
95117,San Jose Convention Center Facility District Zone 2,1.09375
95118,San Jose Hotel Business Improvement District  (Zone A),1.09375
95119,San Jose Convention Center Facility District Zone 2,1.09375
95120,San Jose Convention Center Facility District Zone 2,1.09375
95121,San Jose Convention Center Facility District Zone 2,1.09375
95122,San Jose Convention Center Facility District Zone 1,1.09375
95123,San Jose Convention Center Facility District Zone 1,1.09375
95124,San Jose Convention Center Facility District Zone 2,1.09375
95125,San Jose Hotel Business Improvement District  (Zone A),1.09375
95126,San Jose Hotel Business Improvement District (Zone B),1.09375
95127,San Jose Convention Center Facility District Zone 2,1.09375
95128,San Jose Convention Center Facility District Zone 1,1.09375
95129,San Jose Convention Center Facility District Zone 2,1.09375
95130,San Jose Convention Center Facility District Zone 2,1.09375
95131,San Jose Hotel Business Improvement District (Zone B),1.09375
95132,San Jose Convention Center Facility District Zone 2,1.09375
95133,San Jose Convention Center Facility District Zone 1,1.09375
95134,San Jose Hotel Business Improvement District (Zone B),1.09375
95135,San Jose Convention Center Facility District Zone 2,1.09375
95136,San Jose Convention Center Facility District Zone 2,1.09375
95138,San Jose Convention Center Facility District Zone 2,1.09375
95139,San Jose Convention Center Facility District Zone 2,1.09375
95140,Santa Clara Co Local Tax Sl,1.09125
95141,San Jose Convention Center Facility District Zone 2,1.09375
95148,San Jose Convention Center Facility District Zone 2,1.09375
95150,San Jose Convention Center Facility District Zone 2,1.09375
95151,San Jose Convention Center Facility District Zone 2,1.09375
95152,San Jose Convention Center Facility District Zone 2,1.09375
95153,San Jose Convention Center Facility District Zone 2,1.09375
95154,San Jose Convention Center Facility District Zone 2,1.09375
95155,San Jose Convention Center Facility District Zone 1,1.09375
95156,San Jose Convention Center Facility District Zone 2,1.09375
95157,San Jose Convention Center Facility District Zone 2,1.09375
95158,San Jose Convention Center Facility District Zone 2,1.09375
95159,San Jose Convention Center Facility District Zone 1,1.09375
95160,San Jose Convention Center Facility District Zone 2,1.09375
95161,San Jose Convention Center Facility District Zone 2,1.09375
95164,San Jose Convention Center Facility District Zone 2,1.09375
95170,San Jose Convention Center Facility District Zone 2,1.09375
95172,San Jose Hotel Business Improvement District  (Zone A),1.09375
95173,San Jose Convention Center Facility District Zone 2,1.09375
95190,San Jose Convention Center Facility District Zone 2,1.09375
95191,San Jose Convention Center Facility District Zone 1,1.09375
95192,San Jose Hotel Business Improvement District  (Zone A),1.09375
95193,San Jose Convention Center Facility District Zone 2,1.09375
95194,San Jose Hotel Business Improvement District  (Zone A),1.09375
95196,San Jose Hotel Business Improvement District  (Zone A),1.09375
95201,Stockton,1.09
95202,Stockton,1.09
95203,Stockton,1.09
95204,Stockton,1.09
95205,Stockton,1.09
95206,Stockton,1.09
95207,Stockton,1.09
95208,San Joaquin,1.0775
95209,Stockton,1.09
95210,Stockton,1.09
95211,Stockton,1.09
95212,Stockton,1.09
95213,Stockton,1.09
95214,Stockton,1.09
95215,Stockton,1.09
95219,Stockton,1.09
95220,San Joaquin,1.0775
95221,Angels Camp,1.0775
95222,Angels Camp,1.0775
95223,Alpine,1.0725
95224,Calaveras,1.0725
95225,Calaveras,1.0725
95226,Calaveras,1.0725
95227,San Joaquin,1.0775
95228,Calaveras,1.0725
95229,Calaveras,1.0725
95230,Stanislaus,1.07875
95231,Stockton,1.09
95232,Calaveras,1.0725
95233,Calaveras,1.0725
95234,San Joaquin,1.0775
95236,San Joaquin,1.0775
95237,San Joaquin,1.0775
95240,Stockton,1.09
95241,Lodi,1.0825
95242,Stockton,1.09
95245,Calaveras,1.0725
95246,Calaveras,1.0725
95247,Calaveras,1.0725
95248,Calaveras,1.0725
95249,Calaveras,1.0725
95251,Calaveras,1.0725
95252,San Joaquin,1.0775
95253,San Joaquin,1.0775
95254,Calaveras,1.0725
95255,Calaveras,1.0725
95257,Calaveras,1.0725
95258,San Joaquin,1.0775
95267,Stockton,1.09
95269,Stockton,1.09
95296,Stockton,1.09
95297,Stockton,1.09
95301,Atwater,1.0875
95303,Merced,1.0775
95304,Tracy,1.0825
95305,Tuolumne Co Local Tax Sl,1.0725
95306,Mariposa County District Tax Sp,1.0875
95307,Modesto,1.08875
95309,Tuolumne Co Local Tax Sl,1.0725
95310,Tuolumne Co Local Tax Sl,1.0725
95311,Mariposa County District Tax Sp,1.0875
95312,Merced,1.0775
95313,Stanislaus,1.07875
95315,Merced,1.0775
95316,Turlock,1.08625
95317,Merced,1.0775
95318,Mariposa County District Tax Sp,1.0875
95319,Modesto,1.08875
95320,Escalon,1.0775
95321,Mariposa County District Tax Sp,1.0875
95322,Gustine,1.0825
95323,Stanislaus,1.07875
95324,Stanislaus,1.07875
95325,Mariposa County District Tax Sp,1.0875
95326,Ceres,1.08375
95327,Tuolumne Co Local Tax Sl,1.0725
95328,Stanislaus,1.07875
95329,Mariposa County District Tax Sp,1.0875
95330,Lathrop,1.0875
95333,Merced,1.0775
95334,Livingston,1.0775
95335,Tuolumne Co Local Tax Sl,1.0725
95336,Stockton,1.09
95337,Lathrop,1.0875
95338,Mariposa County District Tax Sp,1.0875
95340,Merced,1.0825
95341,Merced,1.0825
95343,Merced,1.0775
95344,Merced,1.0825
95345,Mariposa County District Tax Sp,1.0875
95346,Tuolumne Co Local Tax Sl,1.0725
95347,Tuolumne Co Local Tax Sl,1.0725
95348,Merced,1.0825
95350,Modesto,1.08875
95351,Modesto,1.08875
95352,Modesto,1.08875
95353,Modesto,1.08875
95354,Modesto,1.08875
95355,Modesto,1.08875
95356,Modesto,1.08875
95357,Modesto,1.08875
95358,Modesto,1.08875
95360,Newman,1.07875
95361,Oakdale,1.08375
95363,Patterson,1.07875
95364,Tuolumne Co Local Tax Sl,1.0725
95365,Merced,1.0775
95366,Manteca,1.0825
95367,Riverbank,1.07875
95368,Modesto,1.08875
95369,Mariposa County District Tax Sp,1.0875
95370,Sonora,1.0875
95372,Tuolumne Co Local Tax Sl,1.0725
95373,Tuolumne Co Local Tax Sl,1.0725
95374,Merced,1.0775
95375,Tuolumne Co Local Tax Sl,1.0725
95376,Tracy,1.0825
95377,Tri Valley Tourism Marketing District,1.1025
95378,Tracy,1.0825
95379,Tuolumne Co Local Tax Sl,1.0725
95380,Turlock,1.08625
95381,Turlock,1.08625
95382,Turlock,1.08625
95383,Tuolumne Co Local Tax Sl,1.0725
95385,Stanislaus,1.07875
95386,Waterford,1.07875
95387,Stanislaus,1.07875
95388,Atwater,1.0875
95389,Mariposa County District Tax Sp,1.0875
95391,Alameda,1.1025
95397,Modesto,1.08875
95401,Santa Rosa Tourism Business Improvement Area,1.0925
95402,Santa Rosa Tourism Business Improvement Area,1.0925
95403,Santa Rosa Tourism Business Improvement Area,1.0925
95404,Santa Rosa Tourism Business Improvement Area,1.0925
95405,Santa Rosa Tourism Business Improvement Area,1.0925
95406,Santa Rosa Tourism Business Improvement Area,1.0925
95407,Santa Rosa Tourism Business Improvement Area,1.0925
95409,Santa Rosa Tourism Business Improvement Area,1.0925
95410,Mendocino County Lodging Business Improvement District,1.07875
95412,The Sea Ranch,1.085
95415,Mendocino County Lodging Business Improvement District,1.07875
95416,Sonoma County Tourism Business Improvement Area,1.085
95417,Mendocino County Lodging Business Improvement District,1.07875
95418,Mendocino County Lodging Business Improvement District,1.07875
95419,Sonoma County Tourism Business Improvement Area,1.085
95420,Mendocino County Lodging Business Improvement District,1.07875
95421,Sonoma County Tourism Business Improvement Area,1.085
95422,Clearlake,1.0875
95423,Colusa Co Local Tax Sl,1.0775
95424,Clearlake,1.0875
95425,Sonoma County Tourism Business Improvement Area,1.085
95426,Lake,1.0725
95427,Mendocino County Lodging Business Improvement District,1.07875
95428,Mendocino County Lodging Business Improvement District,1.07875
95429,Mendocino County Lodging Business Improvement District,1.07875
95430,Sonoma County Tourism Business Improvement Area,1.085
95431,Sonoma County Tourism Business Improvement Area,1.085
95432,Mendocino County Lodging Business Improvement District,1.07875
95433,Sonoma County Tourism Business Improvement Area,1.085
95435,Lake,1.0725
95436,Windsor,1.085
95437,Fort Bragg,1.08875
95439,Sonoma County Tourism Business Improvement Area,1.085
95441,Sonoma County Tourism Business Improvement Area,1.085
95442,Sonoma County Tourism Business Improvement Area,1.085
95443,Lake,1.0725
95444,Sonoma County Tourism Business Improvement Area,1.085
95445,Mendocino County Lodging Business Improvement District,1.07875
95446,Sonoma County Tourism Business Improvement Area,1.085
95448,Healdsburg,1.09
95449,Mendocino County Lodging Business Improvement District,1.07875
95450,Sonoma County Tourism Business Improvement Area,1.085
95451,Lake,1.0725
95452,Sonoma County Tourism Business Improvement Area,1.085
95453,Lakeport,1.0875
95454,Mendocino County Lodging Business Improvement District,1.07875
95456,Mendocino County Lodging Business Improvement District,1.07875
95457,Clearlake,1.0875
95458,Lake,1.0725
95459,Mendocino County Lodging Business Improvement District,1.07875
95460,Mendocino County Lodging Business Improvement District,1.07875
95461,Sonoma County Tourism Business Improvement Area,1.085
95462,Sonoma County Tourism Business Improvement Area,1.085
95463,Mendocino County Lodging Business Improvement District,1.07875
95464,Lake,1.0725
95465,Sonoma County Tourism Business Improvement Area,1.085
95466,Mendocino County Lodging Business Improvement District,1.07875
95467,Lake,1.0725
95468,Point Arena,1.08375
95469,Mendocino County Lodging Business Improvement District,1.07875
95470,Mendocino County Lodging Business Improvement District,1.07875
95471,Sonoma County Tourism Business Improvement Area,1.085
95472,Santa Rosa Tourism Business Improvement Area,1.0925
95473,Sebastopol,1.0925
95476,Sonoma,1.09
95480,The Sea Ranch,1.085
95481,Mendocino County Lodging Business Improvement District,1.07875
95482,Ukiah,1.08875
95485,Lake,1.0725
95486,Sonoma County Tourism Business Improvement Area,1.085
95487,Sonoma County Tourism Business Improvement Area,1.085
95488,Mendocino County Lodging Business Improvement District,1.07875
95490,Willits,1.09125
95492,Sonoma County Tourism Business Improvement Area,1.085
95493,Lake,1.0725
95494,Mendocino County Lodging Business Improvement District,1.07875
95497,The Sea Ranch,1.085
95501,Eureka,1.0925
95502,Eureka,1.0925
95503,Eureka,1.0925
95511,Humboldt County Tourism Business Improvement District,1.0775
95514,Humboldt County Tourism Business Improvement District,1.0775
95518,Arcata,1.085
95519,Humboldt County Tourism Business Improvement District,1.0775
95521,Arcata,1.085
95524,Eureka,1.0925
95525,Blue Lake,1.0875
95526,Humboldt County Tourism Business Improvement District,1.0775
95527,Trinity Co Local Tax Sl,1.0725
95528,Humboldt County Tourism Business Improvement District,1.0775
95531,Crescent City,1.0825
95532,Del Norte County District Tax Sp,1.0825
95534,Humboldt County Tourism Business Improvement District,1.0775
95536,Ferndale,1.085
95537,Humboldt County Tourism Business Improvement District,1.0775
95538,Del Norte County District Tax Sp,1.0825
95540,Rio Dell,1.0875
95542,Mendocino County Lodging Business Improvement District,1.07875
95543,Del Norte County District Tax Sp,1.0825
95545,Humboldt County Tourism Business Improvement District,1.0775
95546,Humboldt County Tourism Business Improvement District,1.0775
95547,Humboldt County Tourism Business Improvement District,1.0775
95548,Del Norte County District Tax Sp,1.0825
95549,Humboldt County Tourism Business Improvement District,1.0775
95550,Humboldt County Tourism Business Improvement District,1.0775
95551,Humboldt County Tourism Business Improvement District,1.0775
95552,Trinity Co Local Tax Sl,1.0725
95553,Humboldt County Tourism Business Improvement District,1.0775
95554,Humboldt County Tourism Business Improvement District,1.0775
95555,Humboldt County Tourism Business Improvement District,1.0775
95556,Humboldt County Tourism Business Improvement District,1.0775
95558,Humboldt County Tourism Business Improvement District,1.0775
95559,Humboldt County Tourism Business Improvement District,1.0775
95560,Humboldt County Tourism Business Improvement District,1.0775
95562,Rio Dell,1.0875
95563,Trinity Co Local Tax Sl,1.0725
95564,Humboldt County Tourism Business Improvement District,1.0775
95565,Humboldt County Tourism Business Improvement District,1.0775
95567,Del Norte County District Tax Sp,1.0825
95568,Siskiyou Co Local Tax Sl,1.0725
95569,Humboldt County Tourism Business Improvement District,1.0775
95570,Trinidad,1.085
95571,Humboldt County Tourism Business Improvement District,1.0775
95573,Humboldt County Tourism Business Improvement District,1.0775
95585,Mendocino County Lodging Business Improvement District,1.07875
95587,Mendocino County Lodging Business Improvement District,1.07875
95589,Mendocino County Lodging Business Improvement District,1.07875
95595,Trinity Co Local Tax Sl,1.0725
95601,Amador,1.0775
95602,Nevada Co Local Tax Sl,1.075
95603,Auburn,1.0725
95604,Auburn,1.0725
95605,West Sacramento,1.0825
95606,Yolo County Tourism Business Improvement District,1.0725
95607,Yolo County Tourism Business Improvement District,1.0725
95608,Sacramento Tmd Zone 4,1.0775
95609,Sacramento Tmd Zone 4,1.0775
95610,Citrus Heights,1.0775
95611,Citrus Heights,1.0775
95612,West Sacramento,1.0825
95613,El Dorado Co Local Tax Sl,1.0725
95614,El Dorado Co Local Tax Sl,1.0725
95615,Sacramento Tmd Zone 4,1.0775
95616,Davis Visitor Attraction District,1.0825
95617,Davis Visitor Attraction District,1.0825
95618,Davis Visitor Attraction District,1.0825
95619,El Dorado Co Local Tax Sl,1.0725
95620,Dixon,1.07375
95621,Sacramento Tmd Zone 4,1.0775
95623,El Dorado Co Local Tax Sl,1.0725
95624,Elk Grove,1.0875
95625,Solano Co Local Tax Sl,1.07375
95626,Sacramento Tmd Zone 4,1.0775
95627,Yolo County Tourism Business Improvement District,1.0725
95628,Citrus Heights,1.0775
95629,Amador County District Tax Sp,1.0775
95630,Folsom Tourism Business Improvement District,1.0775
95631,Placer County Western Slope,1.0725
95632,Galt,1.0925
95633,El Dorado Co Local Tax Sl,1.0725
95634,El Dorado Co Local Tax Sl,1.0725
95635,El Dorado Co Local Tax Sl,1.0725
95636,El Dorado Co Local Tax Sl,1.0725
95637,Yolo County Tourism Business Improvement District,1.0725
95638,Sacramento Tmd Zone 4,1.0775
95639,Sacramento Tmd Zone 4,1.0775
95640,Sacramento Tmd Zone 4,1.0775
95641,Isleton,1.0875
95642,Jackson,1.0775
95644,Amador County District Tax Sp,1.0775
95645,Colusa Co Local Tax Sl,1.0775
95646,Alpine,1.0725
95648,Sutter Co Local Tax Sl,1.0725
95650,Loomis,1.075
95651,El Dorado Co Local Tax Sl,1.0725
95652,Sacramento,1.0875
95653,Yolo County Tourism Business Improvement District,1.0725
95654,Amador County District Tax Sp,1.0775
95655,Rancho Cordova Tourism Business Improvement District,1.0875
95656,El Dorado Co Local Tax Sl,1.0725
95658,Auburn,1.0725
95659,Sutter Co Local Tax Sl,1.0725
95660,Sacramento,1.0875
95661,Roseville,1.0775
95662,Folsom Tourism Business Improvement District,1.0775
95663,Placer County Western Slope,1.0725
95664,El Dorado Co Local Tax Sl,1.0725
95665,Amador County District Tax Sp,1.0775
95666,Amador County District Tax Sp,1.0775
95667,Placerville,1.0825
95668,Roseville,1.0775
95669,Plymouth,1.0775
95670,Rancho Cordova Tourism Business Improvement District,1.0875
95671,Sacramento Tmd Zone 1,1.0875
95672,El Dorado Co Local Tax Sl,1.0725
95673,Sacramento,1.0875
95674,Sutter Co Local Tax Sl,1.0725
95675,Amador County District Tax Sp,1.0775
95676,Sutter Co Local Tax Sl,1.0725
95677,Roseville,1.0775
95678,Roseville,1.0775
95679,Yolo County Tourism Business Improvement District,1.0725
95680,Sacramento Tmd Zone 4,1.0775
95681,Placer County Western Slope,1.0725
95682,Amador County District Tax Sp,1.0775
95683,Sacramento Tmd Zone 4,1.0775
95684,El Dorado Co Local Tax Sl,1.0725
95685,Sutter Creek,1.0775
95686,San Joaquin,1.0775
95687,Vacaville Hotel Business Improvement District,1.08125
95688,Vacaville Hotel Business Improvement District,1.08125
95689,Amador County District Tax Sp,1.0775
95690,Sacramento Tmd Zone 4,1.0775
95691,Sacramento Tmd Zone 3,1.0875
95692,Yuba,1.0825
95693,Sacramento Tmd Zone 4,1.0775
95694,Solano Co Local Tax Sl,1.07375
95695,Woodland,1.08
95696,Vacaville Hotel Business Improvement District,1.08125
95697,Yolo County Tourism Business Improvement District,1.0725
95698,Yolo County Tourism Business Improvement District,1.0725
95699,Sutter Creek,1.0775
95701,Placer County Western Slope,1.0725
95703,Placer County Western Slope,1.0725
95709,El Dorado Co Local Tax Sl,1.0725
95712,Nevada Co Local Tax Sl,1.075
95713,Colfax,1.0725
95714,Placer County Western Slope,1.0725
95715,Placer County Western Slope,1.0725
95717,Placer County Western Slope,1.0725
95720,El Dorado Co Local Tax Sl,1.0725
95721,El Dorado Co Local Tax Sl,1.0725
95722,Placer County Western Slope,1.0725
95724,Nevada Co Local Tax Sl,1.075
95726,El Dorado Co Local Tax Sl,1.0725
95728,Nevada Co Local Tax Sl,1.075
95735,El Dorado Co Local Tax Sl,1.0725
95736,Placer County Western Slope,1.0725
95741,Rancho Cordova Tourism Business Improvement District,1.0875
95742,Rancho Cordova Tourism Business Improvement District,1.0875
95746,Roseville,1.0775
95747,Roseville,1.0775
95757,Elk Grove,1.0875
95758,Sacramento,1.0875
95759,Elk Grove,1.0875
95762,El Dorado Co Local Tax Sl,1.0725
95763,Folsom Tourism Business Improvement District,1.0775
95765,Roseville,1.0775
95776,Woodland,1.08
95798,West Sacramento,1.0825
95799,West Sacramento,1.0825
95811,Sacramento Tmd Zone 1,1.0875
95812,Sacramento Tmd Zone 1,1.0875
95813,Sacramento Tmd Zone 2,1.0875
95814,Sacramento Tmd Zone 1,1.0875
95815,Sacramento Tmd Zone 3,1.0875
95816,Sacramento,1.0875
95817,Sacramento,1.0875
95818,Sacramento,1.0875
95819,Sacramento,1.0875
95820,Sacramento,1.0875
95821,Sacramento,1.0875
95822,Sacramento,1.0875
95823,Sacramento,1.0875
95824,Sacramento,1.0875
95825,Sacramento Tmd Zone 2,1.0875
95826,Sacramento,1.0875
95827,Rancho Cordova Tourism Business Improvement District,1.0875
95828,Sacramento,1.0875
95829,Sacramento,1.0875
95830,Sacramento Tmd Zone 4,1.0775
95831,Sacramento,1.0875
95832,Sacramento,1.0875
95833,Sacramento Tmd Zone 3,1.0875
95834,Sacramento Tmd Zone 3,1.0875
95835,Sacramento Tmd Zone 3,1.0875
95836,Sutter Co Local Tax Sl,1.0725
95837,Sacramento Tmd Zone 3,1.0775
95838,Sacramento,1.0875
95840,Sacramento Tmd Zone 1,1.0875
95841,Sacramento,1.0875
95842,Sacramento Tmd Zone 4,1.0775
95843,Sacramento Tmd Zone 4,1.0775
95851,Sacramento Tmd Zone 2,1.0875
95852,Sacramento Tmd Zone 2,1.0875
95853,Sacramento Tmd Zone 2,1.0875
95860,Sacramento Tmd Zone 4,1.0775
95864,Sacramento Tmd Zone 2,1.0875
95865,Sacramento Tmd Zone 2,1.0775
95866,Sacramento Tmd Zone 2,1.0775
95867,Sacramento Tmd Zone 1,1.0875
95894,Sacramento,1.0875
95899,Sacramento Tmd Zone 1,1.0875
95901,Marysville,1.0825
95903,Yuba,1.0825
95910,Sierra,1.0725
95912,Colusa Co Local Tax Sl,1.0775
95913,Glenn,1.0725
95914,Yuba,1.0825
95915,Plumas Co Local Tax Sl,1.0725
95916,Butte County Tourism Business Improvement District,1.0725
95917,Biggs,1.0725
95918,Yuba,1.0825
95919,Yuba,1.0825
95920,Glenn,1.0725
95922,Yuba,1.0825
95923,Plumas Co Local Tax Sl,1.0725
95924,Nevada Co Local Tax Sl,1.075
95925,Yuba,1.0825
95926,Chico,1.0825
95927,Chico,1.0825
95928,Chico,1.0825
95929,Chico,1.0825
95930,Butte County Tourism Business Improvement District,1.0725
95932,Colusa,1.0875
95934,Plumas Co Local Tax Sl,1.0725
95935,Yuba,1.0825
95936,Sierra,1.0725
95937,Yolo County Tourism Business Improvement District,1.0725
95938,Butte County Tourism Business Improvement District,1.0725
95939,Colusa Co Local Tax Sl,1.0775
95940,Butte County Tourism Business Improvement District,1.0725
95941,Yuba,1.0825
95942,Butte County Tourism Business Improvement District,1.0725
95943,Glenn,1.0725
95944,Sierra,1.0725
95945,Grass Valley,1.085
95946,Nevada Co Local Tax Sl,1.075
95947,Plumas Co Local Tax Sl,1.0725
95948,Sutter Co Local Tax Sl,1.0725
95949,Grass Valley,1.085
95950,Colusa Co Local Tax Sl,1.0775
95951,Glenn,1.0725
95953,Sutter Co Local Tax Sl,1.0725
95954,Paradise,1.0775
95955,Colusa Co Local Tax Sl,1.0775
95956,Plumas Co Local Tax Sl,1.0725
95957,Colusa Co Local Tax Sl,1.0775
95958,Butte County Tourism Business Improvement District,1.0725
95959,Nevada City,1.08375
95960,Yuba,1.0825
95961,Yuba,1.0825
95962,Yuba,1.0825
95963,Orland,1.0775
95965,Oroville,1.0825
95966,Yuba,1.0825
95967,Paradise,1.0775
95968,Butte County Tourism Business Improvement District,1.0725
95969,Paradise,1.0775
95970,Colusa Co Local Tax Sl,1.0775
95971,Plumas Co Local Tax Sl,1.0725
95972,Yuba,1.0825
95973,Chico,1.0825
95974,Butte County Tourism Business Improvement District,1.0725
95975,Nevada Co Local Tax Sl,1.075
95976,Chico,1.0825
95977,Yuba,1.0825
95978,Butte County Tourism Business Improvement District,1.0725
95979,Colusa Co Local Tax Sl,1.0775
95980,Plumas Co Local Tax Sl,1.0725
95981,Yuba,1.0825
95982,Sutter Co Local Tax Sl,1.0725
95983,Plumas Co Local Tax Sl,1.0725
95984,Plumas Co Local Tax Sl,1.0725
95986,Nevada Co Local Tax Sl,1.075
95987,Williams,1.0825
95988,Colusa Co Local Tax Sl,1.0775
95991,Sutter Co Local Tax Sl,1.0725
95992,Yuba City,1.0725
95993,Sutter Co Local Tax Sl,1.0725
96001,Redding,1.0725
96002,Redding,1.0725
96003,Redding,1.0725
96006,Lassen Co Local Tax Sl,1.0725
96007,Anderson,1.0775
96008,Shasta,1.0725
96009,Lassen Co Local Tax Sl,1.0725
96010,Trinity Co Local Tax Sl,1.0725
96011,Shasta,1.0725
96013,Shasta,1.0725
96014,Siskiyou Co Local Tax Sl,1.0725
96015,Modoc Co Local Tax Sl,1.0725
96016,Shasta,1.0725
96017,Shasta,1.0725
96019,Redding,1.0725
96020,Plumas Co Local Tax Sl,1.0725
96021,Corning,1.0775
96022,Shasta,1.0725
96023,Siskiyou Co Local Tax Sl,1.0725
96024,Trinity Co Local Tax Sl,1.0725
96025,Dunsmuir,1.0775
96027,Siskiyou Co Local Tax Sl,1.0725
96028,Shasta,1.0725
96029,Tehama Co Local Tax Sl,1.0725
96031,Siskiyou Co Local Tax Sl,1.0725
96032,Siskiyou Co Local Tax Sl,1.0725
96033,Shasta,1.0725
96034,Siskiyou Co Local Tax Sl,1.0725
96035,Tehama Co Local Tax Sl,1.0725
96037,Siskiyou Co Local Tax Sl,1.0725
96038,Siskiyou Co Local Tax Sl,1.0725
96039,Siskiyou Co Local Tax Sl,1.0725
96040,Shasta,1.0725
96041,Trinity Co Local Tax Sl,1.0725
96044,Siskiyou Co Local Tax Sl,1.0725
96046,Trinity Co Local Tax Sl,1.0725
96047,Shasta,1.0725
96048,Trinity Co Local Tax Sl,1.0725
96049,Redding,1.0725
96050,Siskiyou Co Local Tax Sl,1.0725
96051,Shasta,1.0725
96052,Trinity Co Local Tax Sl,1.0725
96054,Modoc Co Local Tax Sl,1.0725
96055,Tehama Co Local Tax Sl,1.0725
96056,Lassen Co Local Tax Sl,1.0725
96057,Siskiyou Co Local Tax Sl,1.0725
96058,Siskiyou Co Local Tax Sl,1.0725
96059,Shasta,1.0725
96061,Tehama Co Local Tax Sl,1.0725
96062,Shasta,1.0725
96063,Tehama Co Local Tax Sl,1.0725
96064,Yreka,1.0775
96065,Shasta,1.0725
96067,Mt. Shasta,1.075
96068,Lassen Co Local Tax Sl,1.0725
96069,Shasta,1.0725
96070,Shasta,1.0725
96071,Shasta,1.0725
96073,Shasta,1.0725
96074,Tehama Co Local Tax Sl,1.0725
96075,Shasta,1.0725
96076,Shasta,1.0725
96078,Tehama Co Local Tax Sl,1.0725
96079,Shasta Lake,1.0725
96080,Red Bluff,1.075
96084,Shasta,1.0725
96085,Siskiyou Co Local Tax Sl,1.0725
96086,Siskiyou Co Local Tax Sl,1.0725
96087,Shasta,1.0725
96088,Shasta,1.0725
96089,Shasta Lake,1.0725
96090,Tehama,1.0725
96091,Trinity Co Local Tax Sl,1.0725
96092,Tehama Co Local Tax Sl,1.0725
96093,Trinity Co Local Tax Sl,1.0725
96094,Weed,1.075
96095,Shasta,1.0725
96096,Shasta,1.0725
96097,Yreka,1.0775
96099,Redding,1.0725
96101,Alturas,1.0725
96103,Plumas Co Local Tax Sl,1.0725
96104,Modoc Co Local Tax Sl,1.0725
96105,Plumas Co Local Tax Sl,1.0725
96106,Plumas Co Local Tax Sl,1.0725
96107,Mono,1.0725
96108,Modoc Co Local Tax Sl,1.0725
96109,Lassen Co Local Tax Sl,1.0725
96110,Modoc Co Local Tax Sl,1.0725
96111,Nevada Co Local Tax Sl,1.075
96112,Modoc Co Local Tax Sl,1.0725
96113,Lassen Co Local Tax Sl,1.0725
96114,Lassen Co Local Tax Sl,1.0725
96115,Modoc Co Local Tax Sl,1.0725
96116,Modoc Co Local Tax Sl,1.0725
96117,Susanville,1.0825
96118,Loyalton,1.0725
96119,Lassen Co Local Tax Sl,1.0725
96120,Alpine,1.0725
96121,Lassen Co Local Tax Sl,1.0725
96122,Portola,1.0725
96123,Lassen Co Local Tax Sl,1.0725
96124,Sierra,1.0725
96125,Plumas Co Local Tax Sl,1.0725
96126,Sierra,1.0725
96127,Lassen Co Local Tax Sl,1.0725
96128,Lassen Co Local Tax Sl,1.0725
96129,Plumas Co Local Tax Sl,1.0725
96130,Susanville,1.0825
96132,Lassen Co Local Tax Sl,1.0725
96133,Mono,1.0725
96134,Siskiyou Co Local Tax Sl,1.0725
96135,Plumas Co Local Tax Sl,1.0725
96136,Lassen Co Local Tax Sl,1.0725
96137,Plumas Co Local Tax Sl,1.0725
96140,Placer County North Tahoe Area,1.0725
96141,Placer County North Tahoe Area,1.0725
96142,El Dorado Co Local Tax Sl,1.0725
96143,Placer County North Tahoe Area,1.0725
96145,Placer County North Tahoe Area,1.0725
96146,Placer County North Tahoe Area,1.0725
96148,Placer County North Tahoe Area,1.0725
96150,South Lake Tahoe Non Redevelopment Area,1.0875
96151,South Lake Tahoe Non Redevelopment Area,1.0875
96152,South Lake Tahoe Non Redevelopment Area,1.0875
96154,South Lake Tahoe Non Redevelopment Area,1.0875
96155,El Dorado Co Local Tax Sl,1.0725
96156,Alpine,1.0725
96157,El Dorado Co Local Tax Sl,1.0725
96158,South Lake Tahoe Non Redevelopment Area,1.0875
96160,Truckee Tourism Business Improvement District,1.0825
96161,Truckee Tourism Business Improvement District,1.0825
96162,Truckee Tourism Business Improvement District,1.0825
97635,Modoc Co Local Tax Sl,1.0725
